mu_1,P_1,t01,ecos1,esin1,mu_2,P_2,t02,ecos2,esin2,mu_3,P_3,t03,ecos3,esin3,mu_4,P_4,t04,ecos4,esin4,lprob
2.257990476444325e-6,224.7007867748584,3503.765292329488,0.006267396020246658,-0.006570898669199503,2.9817197651805393e-6,365.25648111220795,3624.401972166726,0.015829317551618857,-0.002238330875156681,1.0136851761039001e-7,657.4500000000002,418.3119031265321,0.023575906494658624,-0.16161513812991962,0.0009741534880686517,4237.8797163461,4836.8952639026675,0.04053235777747334,-0.04075945164279654,-115.37177636031886
2.258366277095204e-6,224.7007865447742,3503.765295466768,0.006225235749302166,-0.006597543437920351,2.981206960208388e-6,365.2564810658962,3624.401973286316,0.01580863374564564,-0.0022387588126711344,9.878035977459871e-8,657.7981789525512,414.89505242977384,0.016064761014814046,-0.17066218686838294,0.00097508231704958,4239.109196724883,4836.30299034748,0.040528506998397974,-0.04070966358614314,-115.36372135602879
2.258601643541668e-6,224.70078630841795,3503.7652986336398,0.006174116742005036,-0.006616130949347589,2.9806149784981683e-6,365.2564810200943,3624.401974458576,0.01578016965663649,-0.00223233310916513,9.61726002202692e-8,658.146542297198,411.4093766238165,0.007269866682942648,-0.1800484971506013,0.0009758515373002709,4240.378475390501,4835.654173813197,0.04049541613307269,-0.040658112692949805,-115.35490993457557
2.258723113906956e-6,224.7007860709041,3503.765301732647,0.006116233702894925,-0.006626813912608629,2.9799627143694367e-6,365.25648097453467,3624.4019756772595,0.01574532689186322,-0.002219563697007942,9.356299926446761e-8,658.4950901315917,407.82626156114924,-0.002568549734133684,-0.189510618259798,0.0009763807261597098,4241.65081455359,4834.960629666731,0.040423518839227165,-0.04061042568519684,-115.34547870041865
2.25873773992277e-6,224.70078583483965,3503.7653047043696,0.006050918631255101,-0.006629731673971328,2.979251839581857e-6,365.25648092814635,3624.401976952826,0.015703598781400572,-0.002200769363023904,9.09491040371665e-8,658.8438225534367,404.1313502689533,-0.013312462882014299,-0.19895031285472378,0.0009766989913988226,4242.911577498293,4834.237821687937,0.040313914145693464,-0.04056492072218968,-115.33560197373053
2.2586865256388875e-6,224.70078560314522,3503.7653074855752,0.005980004661480456,-0.006624853671414733,2.978498126119546e-6,365.2564808801707,3624.4019782848245,0.01565629304644725,-0.00217613431633581,8.831596685336198e-8,659.1927396604888,400.3056506042697,-0.024813154470419627,-0.20833117075158641,0.0009767855278688656,4244.13669868667,4833.49951994482,0.04016506345398749,-0.04052316856419464,-115.32545444896033
2.258602312692257e-6,224.70078537697572,3503.765310044412,0.005904460349840954,-0.006611974618955346,2.977712905254271e-6,365.2564808284551,3624.4019796972952,0.015604177706693602,-0.0021456113628610307,8.564024858657244e-8,659.5418415505559,396.33488246860253,-0.03703756981226782,-0.21772655310341776,0.0009766579517853,4245.319462715218,4832.753631550821,0.03997882098591215,-0.04048358078238781,-115.31517891959426
2.2584730112401547e-6,224.70078515519702,3503.7653123876767,0.005821401513485905,-0.006591164019369627,2.976880337204913e-6,365.25648077275457,3624.40198119355,0.01554502085251202,-0.002109234606054058,8.28643275139274e-8,659.8911283214961,392.1662966145638,-0.04995357330089487,-0.22738690862387537,0.0009764138650833816,4246.4468143122,4832.021649064991,0.03976299659091486,-0.04044043057381563,-115.30486520787072
2.2583305389229954e-6,224.70078493815882,3503.765314496694,0.005730911557456196,-0.006561922922881179,2.9760057709200132e-6,365.25648071319256,3624.401982759864,0.015479057702640176,-0.0020666298216932186,8.000869619164455e-8,660.240600071221,387.79390258355187,-0.06355554952614006,-0.23737870868337294,0.0009760820394690998,4247.5062668187475,4831.307939418887,0.03952205410885557,-0.04039449675234946,-115.29453970067664
2.258178763630165e-6,224.7007847235372,3503.76531640191,0.0056320342911163,-0.006524336143600298,2.9750842976402733e-6,365.25648064776334,3624.401984427784,0.015405451210390667,-0.002017812738791517,7.699599909130277e-8,660.5902568976944,383.15839439809827,-0.07812803512818746,-0.24812589433191504,0.0009757060582925846,4248.501496570107,4830.623845970154,0.039258465247131676,-0.040339921454313005,-115.28416257105943
2.258015460684788e-6,224.70078450969427,3503.7653181143187,0.005522583311032381,-0.006477528499601444,2.9741011352446956e-6,365.25648057695264,3624.4019861934134,0.015322415897379335,-0.0019620264699654988,7.377566512013748e-8,660.9400988989295,378.1736588791275,-0.0939534981251223,-0.2600973235661805,0.000975353552655717,4249.425772889654,4829.971710974846,0.03897726496598652,-0.040273425133053986,-115.27362864944482
2.2578379429645384e-6,224.70078429446596,3503.7653196612528,0.005400247361405233,-0.006421554300280902,2.973045188907707e-6,365.2564805001331,3624.401988057308,0.015228372252724564,-0.0018991651388628643,7.035181728635418e-8,661.2901261729938,372.8172600747165,-0.11147187421273329,-0.27355186611525545,0.0009750748304893714,4250.279146780405,4829.3592983021035,0.03868351684318822,-0.04019178447829947,-115.26276937096901
2.2025417117090063e-6,224.700792061602,3503.7652049079356,0.0043233676447639756,-0.007395514309512992,2.9636356949516093e-6,365.25647861969145,3624.402019728025,0.013529898306039337,-0.0028318603805321868,2.424798230013195e-7,661.640338818006,660.3535373718084,-0.003528559058781212,0.015274333546378563,0.0009690664985461661,4229.876216408726,4843.858469240367,0.029890729330273612,-0.040093476089286435,-115.20413945408413
2.1947894392252744e-6,224.7007921786286,3503.7652020144765,0.003948297860101128,-0.007461417049661349,2.9608708042632878e-6,365.2564784822336,3624.4020224031374,0.013211161494086422,-0.0028682648964049873,2.521793886042731e-7,661.9907369321372,655.00970510862,-0.005768607825128111,0.014847971966107093,0.0009751980774149821,4229.759000529413,4845.337512680802,0.02973475791575276,-0.039601221163539646,-115.1379879767507
2.1866683535166376e-6,224.70079227668128,3503.765199312214,0.003540340848335021,-0.0075161753120196444,2.957918057857867e-6,365.25647834073595,3624.402025123809,0.012866529212409045,-0.0028951881354566202,2.626468089821715e-7,662.3413206136088,649.6809032590384,-0.0078050975370559375,0.014027659873418193,0.0009820901053381255,4229.515428953099,4846.914812140141,0.02961373269937211,-0.039066814071241844,-115.06597491786198
2.178208097717651e-6,224.70079235250543,3503.7651968524647,0.0030978311194868272,-0.007558113021418021,2.954767051379019e-6,365.25647819457856,3624.4020278982102,0.012494320283827926,-0.0029113468486502625,2.739271109640707e-7,662.692089960696,644.3646934822541,-0.009610189778104261,0.01286116749890055,0.0009898300235770985,4229.137246204676,4848.58838251445,0.029530384349757913,-0.03848581456687909,-114.98770301058111
2.169473176064988e-6,224.70079240522116,3503.765194653979,0.0026209689041408585,-0.007585233432048208,2.9514182877791947e-6,365.2564780436711,3624.4020307131827,0.012094439520261971,-0.0029152298798872465,2.8605567298161053e-7,663.0430450717262,639.0734805567416,-0.011148193503745725,0.011423285130009439,0.0009984540928560178,4228.602311170449,4850.342599481418,0.02948399090132663,-0.03786159227521419,-114.90269735719343
2.1605257130760325e-6,224.7007924315953,3503.76519278474,0.002109535465170789,-0.007593957552803669,2.9478695158149713e-6,365.25647788720397,3624.4020335730584,0.011666406329148083,-0.00290398164185315,2.990546806179568e-7,663.3941860450767,633.8084752982508,-0.012394898164332436,0.009765431580183318,0.0010080490860849896,4227.900183712902,4852.149437030288,0.029478221514898276,-0.03719347646954195,-114.81040296393601
2.151430463474075e-6,224.7007924274248,3503.7651913159843,0.0015631308448226197,-0.00758154301442157,2.9441144340654786e-6,365.2564777244274,3624.402036481522,0.011209580161253547,-0.002875341196090447,3.129758265879299e-7,663.7455129791791,628.5641707375323,-0.01335618680392269,0.007923778596442122,0.0010186956890064873,4227.023227935672,4853.986236768474,0.029514430958694802,-0.03647914226692426,-114.7101811349789
2.142268735301936e-6,224.70079238958957,3503.7651903246656,0.0009819873582083537,-0.007545371960977284,2.940154162232737e-6,365.25647755549073,3624.4020394191666,0.010723988309850456,-0.0028271922233035745,3.278491126697422e-7,664.0970259725162,623.3492020652421,-0.01401490603296483,0.0059498411323954505,0.0010304855264004476,4225.951823898696,4855.826094161186,0.029595498598021075,-0.0357208859430524,-114.60130393230581
2.1331609219675507e-6,224.70079231127454,3503.765189943131,0.00036705148841057085,-0.0074807901508965255,2.9359873270164047e-6,365.2564773797964,3624.402042382674,0.01021003609521997,-0.002755653899152585,3.437194103699425e-7,664.448725123624,618.1553470807451,-0.014372927428204748,0.0038596968311920966,0.0010435150106523144,4224.676348693797,4857.61801156593,0.029724551634221705,-0.034918538443651344,-114.48294532730921
2.1242126989471184e-6,224.70079218414932,3503.7651903594037,-0.00028281967591477306,-0.007385099797182545,2.931604679544977e-6,365.2564771979216,3624.4020453460626,0.00966662703119953,-0.0026584258468143837,3.6065347500238307e-7,664.8006105310883,612.9826289037462,-0.014412998251719869,0.0016737100371018252,0.0010579572395476328,4223.171054258482,4859.3320196286895,0.029908398995662312,-0.03407122099588998,-114.3541675821578
2.1156019425988254e-6,224.7007919997322,3503.765191765252,-0.0009649712941484579,-0.007252665232965827,2.927012502494709e-6,365.2564770099836,3624.4020482853743,0.009095732667013069,-0.002530649014196231,3.7862864049956334e-7,665.1526822935492,607.8255067463284,-0.01413333513871574,-0.0005864811385000567,0.0010739224585032037,4221.4306971329215,4860.887270188773,0.03015290569718015,-0.03318181087160436,-114.21389998528655
2.1075171230969888e-6,224.70079174316535,3503.765194493851,-0.0016797386733560457,-0.007079735906382444,2.9221984918663985e-6,365.2564768171798,3624.4020511615713,0.00849664623422104,-0.0023690193118705467,3.977369627518324e-7,665.5049405096987,602.6728002813653,-0.013509330771655299,-0.002931916283843855,0.0010916173852593355,4219.4238900830205,4862.2278579969225,0.030464714647437774,-0.03224910247020686,-114.0609061691261
2.1002381937204284e-6,224.70079139486634,3503.765198983232,-0.0024262785337757892,-0.006861508394566692,2.91715306051204e-6,365.2564766213493,3624.402053919991,0.00786984821763205,-0.0021691640472716544,4.1799316493530325e-7,665.8573852782813,597.5129502673993,-0.01251268571599063,-0.005379513980358245,0.0011112794337399833,4217.129191905864,4863.2606926977005,0.030855609290422133,-0.03127372834033776,-113.89373413337832
2.094109838249917e-6,224.70079093109035,3503.765205777914,-0.003202602400655902,-0.0065928238894634944,2.9118672079131034e-6,365.2564764252913,3624.40205648468,0.007216594895341194,-0.0019262690519660495,4.3939285460107215e-7,666.210016698092,592.3288033245583,-0.011106920829417428,-0.007949131005314193,0.0011331395059198245,4214.522379293392,4863.873810304606,0.031335608034614895,-0.030257088923266135,-113.71064004706199
2.0895867196232143e-6,224.70079031784005,3503.7652156586823,-0.0040081033746443276,-0.006268888381601152,2.9063160125087133e-6,365.25647623331463,3624.402058749236,0.006536837664842314,-0.001635643601802454,4.619697413515561e-7,666.5628348679801,587.0973922532926,-0.00922839457297529,-0.010683498952422397,0.0011575195498132508,4211.559447758048,4863.941131807356,0.0319174477351941,-0.029199137456539542,-113.50947260223423
2.0873060269152957e-6,224.70078950703336,3503.765229718201,-0.004841802386608722,-0.005885162885814829,2.9004677683198748e-6,365.2564760518986,3624.402060562919,0.005830818314905284,-0.0012925161962603242,4.856921262962968e-7,666.9158398868473,581.7886634130283,-0.006785479331178266,-0.013648611969457318,0.0011848097921346682,4208.191519554272,4863.302053179369,0.03261845126073471,-0.028099410128751202,-113.2874988536481
2.088090055961574e-6,224.70078843618072,3503.7652494075555,-0.005704066681478708,-0.005437669636145714,2.8942664255747614e-6,365.2564758902282,3624.402061713958,0.005097345392966373,-0.0008921970951375087,5.105646232520088e-7,667.2690318536454,-90.90343760782055,-0.0036474929839615863,-0.016917049579505298,0.001215499764435879,4204.339744201502,4861.767474053337,0.03345628865643191,-0.02695734839445416,-113.04114678513363
2.0930344148574153e-6,224.7007870215091,3503.76527668563,-0.006595137085938945,-0.004923662384540656,2.887639917100399e-6,365.25647576118786,3624.402061906607,0.0043350601782068884,-0.000430541752205922,5.365298645309508e-7,667.6224108673811,570.7795293042053,0.00036754056318960695,-0.02057266081554261,0.0012501712682956342,4199.9057485389085,4859.116895802674,0.034450465165976565,-0.025769813327356266,-112.76563607244896
2.103654962171592e-6,224.7007851449599,3503.765314258824,-0.0075167362806947595,-0.004344078608801391,2.8804845696181215e-6,365.25647568294795,3624.4020607278176,0.003541083280968219,9.412848027516043e-5,5.635086059578286e-7,667.9759770271124,564.9681644675842,0.005517842409738307,-0.024726212356933723,0.001289571667656246,4194.763633350119,4855.092312775114,0.035622316986215645,-0.024529884396869338,-112.45448605029016
2.121820902983538e-6,224.70078266492135,3503.765365420516,-0.008468389391595763,-0.003708053946001183,2.8726976557744733e-6,365.25647568034435,3624.4020576086764,0.002714360297671812,0.0006772166288177289,5.912961515456442e-7,668.3297304319508,558.870059341388,0.012129462608038027,-0.029442834525983074,0.0013344604465113173,4188.785564643808,4849.446174812558,0.03698401153940659,-0.023230702629682676,-112.0989756859632
2.1497017352103564e-6,224.70077942147577,3503.76543380399,-0.009441664459743065,-0.0030376286822602736,2.864243229983099e-6,365.2564757856935,3624.4020518318252,0.0018612785331174602,0.001303351523639485,6.193532205844482e-7,668.683671181058,552.4288897764288,0.02058500840963214,-0.03471443562448109,0.0013853193648029052,4181.929063722141,4841.977116509192,0.03852791419096417,-0.02186512511510842,-111.68792495721966
2.1886867442315196e-6,224.70077532840034,3503.765521286055,-0.010406121945718425,-0.0023790627466729096,2.8553545498628284e-6,365.256476034036,3624.402042697731,0.0010100296735395201,0.001934820495511874,6.465011652857265e-7,669.0377993736502,545.6577173440411,0.031121478556577695,-0.04028051147470329,0.001441309546727028,4174.457843283042,4832.757846077825,0.04018342854658215,-0.020439844110801013,-111.20889500222293
2.237483599291521e-6,224.70077053411126,3503.765624329055,-0.01129664042900903,-0.0017972991313865666,2.8467791986375144e-6,365.25647644704816,3624.402030004574,0.00022504460041127813,0.002512477580085632,6.705545974681316e-7,669.3921151089964,538.7121638965301,0.04346740937842676,-0.04552451694303383,0.0014987491290171541,4167.218934096896,4822.319273547791,0.04178361862672929,-0.019002741335335062,-110.65267877884504
2.2909468480472374e-6,224.70076550370771,3503.765732379138,-0.012032959252548622,-0.0013413086734647577,2.8396435707170292e-6,365.2564770098349,3624.4020145926206,-0.00041039180767543746,0.002983989695214332,6.888947442066341e-7,669.7466184864161,531.8786215165791,0.05664675298724237,-0.04967644219198129,0.001551329958795619,4161.532168599236,4811.520765526188,0.04311300987267471,-0.017648018206648543,-110.02090397163609
2.3425232535558535e-6,224.70076079753107,3503.7658330825266,-0.012572158686028928,-0.0010100265215313574,2.8347462808746957e-6,365.25647766733545,3624.401998105592,-0.0008475619088779846,0.0033388239066002275,7.000227096366019e-7,670.1013096052832,-144.69208321984988,0.06944544237941098,-0.052309601130411554,0.0015936175386607877,4158.418301223223,4801.04489457741,0.044040979012200256,-0.016467281359405946,-109.33033908294193
2.388021805013932e-6,224.70075675726457,3503.7659192174647,-0.012923698161297903,-0.0007670017721036778,2.8321681017270545e-6,365.2564783508703,3624.4019821035336,-0.001092278209922382,0.0036021915190056195,7.041303595828607e-7,670.4561885650237,519.3897594980525,0.0811163126708152,-0.05352055310984634,0.0016238451942607098,4158.1011745135265,4791.099958703967,0.04457588405727649,-0.015499995899089193,-108.60827809840303
2.4261224271029603e-6,224.7007534701196,3503.7659890389173,-0.013121593247187561,-0.0005737273470126747,2.8315511182164005e-6,365.25647900284423,3624.401967589725,-0.0011786695836655385,0.0038064217345192483,7.023331693768853e-7,670.811255465117,513.7748765908766,0.0914679688887424,-0.05364222970363605,0.0016429955736996086,4160.253869652655,4781.622472595291,0.04479687184863521,-0.01473356449503058,-107.88395386288059
2.4573764633221082e-6,224.70075086732655,3503.766044114814,-0.013198216006956236,-0.00040443222581831303,2.832471966067741e-6,365.25647958519016,3624.401955034576,-0.001141311941092151,0.0039751455403535,6.957181411670877e-7,671.1665104050932,508.4709505569788,0.10069937283897192,-0.05300549492780961,0.0016529998227873951,4164.367369734935,4772.491298937744,0.044793069139572726,-0.014134407870623781,-107.18284069508816
2.4828025520326532e-6,224.70074884145703,3503.7660868072935,-0.013179032894385446,-0.00024380994472966505,2.8345690379300318e-6,365.25648007418056,3624.4019446081143,-0.0010083860022662686,0.004123531025303447,6.85257559588974e-7,671.5219534845367,503.3937467176416,0.1091023031573685,-0.05180286790949724,0.0016557350735377878,4169.955647829919,4763.631015783553,0.04463339274401615,-0.013665729919856437,-106.52477944281767
2.503593278010314e-6,224.7007472754803,3503.7661196968083,-0.013080683681823378,-8.438592172166895e-5,2.837590539552378e-6,365.25648045782344,3624.4019363044617,-0.0007989406409606212,0.004259680893645582,6.715643938473323e-7,671.8775848030851,498.4745191871604,0.11703413083579453,-0.050111614258332014,0.0016526686736893844,4176.617305073105,4755.006184856619,0.04436805595356668,-0.013295926784881201,-105.92416054189769
2.520757570661155e-6,224.7007460725697,3503.7661451475897,-0.012914517619326694,7.711824951356655e-5,2.8413559978038664e-6,365.2564807300507,3624.4019300514783,-0.0005262605076069778,0.0043877869053205775,6.551005848078319e-7,672.2334044604268,493.6702221551466,0.12481573050667477,-0.047898436241167436,0.0016449152314384579,4184.032513174884,4746.622662558887,0.04403118519676778,-0.013001635507738253,-105.39078287136367
2.5351553252419557e-6,224.70074515041932,3503.7661654972017,-0.01268798668390981,0.00024255822541918083,2.8457403121488964e-6,365.2564808890936,3624.401925739418,-0.00019944739078639294,0.004510457334424058,6.361364653770426e-7,672.5894125563045,488.95308896792767,0.13277907308873005,-0.04498459753024885,0.0016332010311498023,4191.945360245617,4738.496655515235,0.04364515931605087,-0.012763542475121922,-104.9307532980016
2.547630838888525e-6,224.70074443387836,3503.766183681591,-0.012405877648610843,0.00041249308297857865,2.850656491727718e-6,365.2564809355221,3624.4019232527185,0.00017543226833701913,0.004628806518246369,6.147713812207572e-7,672.9456091905136,484.3125179983674,0.14129356916733263,-0.04103718712358094,0.001617973727759296,4200.152344058685,4730.626656094972,0.04322441526509946,-0.012569282756885953,-104.54720495031935
2.559354881336757e-6,224.70074383026133,3503.7662040993496,-0.012070501721034365,0.000587033944722596,2.856053386422194e-6,365.25648087087666,3624.401922486148,0.0005952308822662259,0.0047429635294986006,5.906914375599845e-7,673.3019944629026,479.746739561058,0.1509368671930211,-0.035445610430066145,0.0015992416975688733,4208.482528783212,4722.924807223065,0.0427778558307404,-0.012413675032744903,-104.24077326484237
2.572907745449755e-6,224.7007431536501,3503.7662360475197,-0.011681640132999323,0.0007671955878933978,2.8619300178272132e-6,365.25648069537124,3624.401923382776,0.0010601800254479675,0.004852290367430627,5.625202754445192e-7,673.6585684733712,475.2708774581647,0.16306167038485544,-0.026718860408601754,0.0015761864225156425,4216.7932563254835,4714.9831561335,0.042307444894631674,-0.012304577491843254,-104.0097408161879
2.8008340970833797e-6,224.70072903256872,3503.7617764506235,-0.01200229944878857,0.00027769699024708465,2.8661095408497988e-6,365.256479004143,3624.40194518501,0.0011194985203159965,0.004173263665229502,4.0358797563786175e-7,674.0153313218739,485.16676623612966,0.24946532094993776,0.17571270984556678,0.0014428595952871365,4225.201492771069,4662.458920128939,0.04050951570317961,-0.0160954226550701,-103.81743077652797
2.8162229084543988e-6,224.70072870150088,3503.767928246253,-0.012046640885253734,0.00023023324603988404,2.868480300501317e-6,365.25647808461906,3624.4019562209933,0.0012500314793263633,0.004095112065651343,3.8998412262326365e-7,674.372283108418,485.13692434397757,0.23862136607118706,0.21234971755442164,0.0014338283293784024,4232.343456437604,4655.57537455554,0.04009688052722424,-0.01681968672554294,-103.62114218826082
2.810161836187256e-6,224.7007296996036,3503.766991483715,-0.011865458506093276,0.00033168264890385673,2.8722400861907545e-6,365.25647734544395,3624.4019648558037,0.0015447363924408653,0.004160287979910654,3.836941962940091e-7,674.7294239330619,482.51494343061455,0.2258910842539131,0.2277302341055278,0.0014266141879505775,4238.834229766214,4653.975645572137,0.03978502999491344,-0.016955836527997828,-103.53170295465719
2.791340888688144e-6,224.70073152879922,3503.766689964866,-0.01151358876607515,0.0005030512517611776,2.877084008266602e-6,365.25647669772724,3624.401972283868,0.001964026083683025,0.0042882663449603595,3.800417493432307e-7,675.086753895919,478.44673515489194,0.21266874710868455,0.23259054577298885,0.001416300072363029,4244.71697342366,4655.827372908348,0.03948593795086809,-0.016791243676406106,-103.54793931050182
2.762814062529392e-6,224.70073400218638,3503.766514721825,-0.01100312480660906,0.0007160780435256757,2.882913730252008e-6,365.25647612928805,3624.4019786531067,0.0024968708563767004,0.004451480977779808,3.777155132825599e-7,675.4442730971548,473.3207963623828,0.19992734863032377,0.22986779689384979,0.0014020370387233037,4249.998219791361,4660.413966170732,0.03918174574274574,-0.016420898706590692,-103.65856413848394
2.726892036075921e-6,224.70073696726365,3503.7663838897615,-0.01034367615112923,0.0009480724684857885,2.889610517138285e-6,365.25647563694173,3624.4019839980333,0.0031329361113161722,0.004628976093636621,3.760490114457429e-7,675.801981636989,467.431524661919,0.18867768412228156,0.2210183747139181,0.00138461668649401,4254.783102496666,4667.109901299323,0.03888151383245691,-0.015904163037878335,-103.84621523599073
2.6849077429169282e-6,224.7007403208369,3503.766271680433,-0.009542747525733803,0.0011801619414535877,2.897056255282172e-6,365.2564752260029,3624.4019882331368,0.003863016957514366,0.0048047120652697116,3.748104819298701e-7,676.1598796156919,460.99685149162013,0.1799772184607713,0.20628519018231736,0.0013656668404205144,4259.281164503612,4675.40668237029,0.03860151365247349,-0.015268956163237866,-104.090638590557
2.6364747966867897e-6,224.70074405404202,3503.7661650827195,-0.008602693439290066,0.0013949879661161394,2.9051474961726256e-6,365.25647491829625,3624.4019910285233,0.004680684582027599,0.0049658057422180815,3.743261446742936e-7,676.5179671335893,454.1362668211308,0.17491986022893297,0.18407145812579914,0.0013475410545273996,4263.866838234839,4685.011611583842,0.038354988533830715,-0.014508295094007145,-104.37093321776561
2.4185058960270614e-6,224.70075806795333,3503.7657942502706,-0.007110293595804051,0.0012303318278932007,2.9140123334953285e-6,365.25647640632354,3624.4019676018847,0.005691763436716629,0.004920414869163965,4.5865832544862324e-7,676.876244291059,441.7181607614288,0.14105332526174796,0.009476763658502793,0.0014018566966779017,4276.947992153547,4725.502476435597,0.03837688334322922,-0.01118189831789026,-104.66186007018109
2.378923151183698e-6,224.70076130348417,3503.765730194798,-0.0066143574720825575,0.0010617540492297033,2.918386184857774e-6,365.2564760997204,3624.4019699462483,0.006120460691741742,0.0047534215079275514,4.6526407728048923e-7,677.2347111885332,438.44640580551834,0.12542654738175996,0.004547946135465574,0.0013924647686582561,4282.303647028603,4734.003192865416,0.038163430248359234,-0.010959584914890477,-104.88967906740719
2.3493059105807353e-6,224.70076386941,3503.765681378514,-0.006103134153331286,0.0009199799711167298,2.9227873051937895e-6,365.2564757893507,3624.4019725054764,0.006562652322295131,0.004603288538145337,4.663068937452734e-7,677.5933679264947,435.0338566677377,0.1142865526824263,0.004243405654488514,0.0013802736713891637,4287.190721160892,4740.4985689924115,0.038014603099671654,-0.010825559809444434,-105.11986932395357
2.324804580023506e-6,224.7007660907371,3503.765639875634,-0.005587420620130243,0.000786450986359285,2.92707349499138e-6,365.25647550035677,3624.401974909037,0.0070051242530791685,0.004458424778770756,4.6512646278027845e-7,677.9522146054819,431.48861287234587,0.10512254299779135,0.005492858301278752,0.0013673961402889561,4291.743725705543,4745.982459631821,0.03792193853319359,-0.01074974884090188,-105.35051708668064
2.3040872044979498e-6,224.70076805913502,3503.765603549814,-0.005069946628821947,0.0006567882107114955,2.9312170578620707e-6,365.2564752344024,3624.4019771425637,0.007445126489999309,0.004316401617408201,4.6261210429115714e-7,678.3112513260864,427.81543516742244,0.0972118881706848,0.007467258475520162,0.0013542904787355592,4296.001144246085,4750.709029884028,0.03787501290100319,-0.01072892113159184,-105.57973965195568
2.2865587747035015e-6,224.70076981649044,3503.7655714430143,-0.0045524195911923904,0.0005301647065599614,2.9352096765444802e-6,365.2564749878612,3624.4019792625227,0.007881454128509166,0.004177165672657419,4.5916886430745074e-7,678.6704781889509,424.021759072488,0.09022591036533252,0.009795473914727139,0.001341120656193842,4299.990810702525,4754.771599000838,0.0378615478750212,-0.010763688406306312,-105.80596342651143
2.271848792665366e-6,224.7007713890133,3503.7655429990127,-0.004035955830083527,0.00040572634734628815,2.9390522382366654e-6,365.2564747556201,3624.4019813497025,0.008313582740991098,0.004040442942463867,4.549967140756196e-7,679.0298952947736,420.11583298214185,0.08398174106258242,0.012274367835157611,0.001327942992777453,4303.734307065279,4758.230876839829,0.03787066675739937,-0.010854604090815177,-106.02791353048303
2.259642178261266e-6,224.700772797542,3503.765517768436,-0.0035213267201290536,0.00028400953380890566,2.9427479171439137e-6,365.25647453254726,3624.401983476727,0.008741180661458011,0.003906967946011035,4.5027126014683e-7,679.3895027443052,416.10451521606615,0.07833921841478689,0.014808605778118203,0.0013147702462793294,4307.245561321131,4761.135137598831,0.03789306626686223,-0.010999891248529398,-106.24456449307925
2.2496754252166244e-6,224.7007740594305,3503.7654953976194,-0.0030091729008941527,0.00016507431637051163,2.946305977758195e-6,365.2564743133572,3624.4019857162934,0.009164025619783921,0.0037769111340291775,4.451278889285952e-7,679.7493006383505,411.99587509803655,0.0731992617418447,0.01733182925227422,0.0013016041542237755,4310.540365159605,4763.53170930033,0.037919131726136625,-0.01119676744152263,-106.45509031019004
2.2416659607644725e-6,224.70077519178682,3503.7654755134713,-0.0025009527979642254,4.97009196324367e-5,2.949725050900689e-6,365.25647409425216,3624.4019881176987,0.009581165517592758,0.0036511176488331575,4.397357376640544e-7,680.1092890777658,407.79827610919466,0.06846011916249672,0.019815188945145813,0.0012885040900849722,4313.63742209079,4765.463157872762,0.037943974326109534,-0.011440768802788133,-106.65882282936631
2.2354158607069334e-6,224.7007762064228,3503.7654578748607,-0.001996879177672387,-6.159385570776165e-5,2.9530164194226604e-6,365.2564738703996,3624.4019907419806,0.009992698548350496,0.0035300562920655074,4.341874542389039e-7,680.4694681634625,403.5161106474094,0.06406422047993995,0.02224851563107993,0.0012754640163719995,4316.54966355264,4766.968332520608,0.03796128916889184,-0.01172740287000482,-106.8552198452608
2.2307099844548083e-6,224.70077711594328,3503.76544224591,-0.0014980706848530623,-0.00016804961195282213,2.956183341907098e-6,365.2564736382003,3624.401993630698,0.010397947050700162,0.0034144218363598208,4.285908290697754e-7,680.8298379964057,399.152976193311,0.05994896599645388,0.02461480500438512,0.0012625098186433436,4319.283954382061,4768.08867431993,0.037968549657115006,-0.012051686588466698,-107.04384168553997
2.227308484708496e-6,224.70077793416402,3503.765428321076,-0.0010056930033205953,-0.00026902524826831584,2.9592264007729735e-6,365.2564733957349,3624.4019968025227,0.010796067497911545,0.003304756295332974,4.231144535988906e-7,681.1903986776119,394.7155312642286,0.05603536859149668,0.02691244135891393,0.001249703743310006,4321.863082289308,4768.863691424501,0.03796282429941888,-0.012407804633485845,-107.22433469427693
2.2250479556091385e-6,224.70077866949293,3503.7654159524623,-0.0005202658315499477,-0.00036410824146414656,2.9621557961342487e-6,365.2564731394722,3624.4020002931807,0.011186911466471274,0.003201370853598036,4.1784309257030785e-7,681.5511503081533,390.2023865323241,0.05228450103334842,0.029135495194014902,0.0012370620584252392,4324.291890164194,4769.333308141181,0.037943777802246316,-0.012789227567112166,-107.39641939046615
2.2237343269982052e-6,224.7007793329178,3503.7654049058483,-4.356703969342757e-5,-0.0004525133478975574,2.9649651249278802e-6,365.2564728684972,3624.4020041073195,0.011569156833149269,0.00310493897070342,4.1291971938401023e-7,681.9120929891544,385.61904607924413,0.0486359567735989,0.03127520666177348,0.0012246590041795468,4326.591686235276,4769.52477823756,0.037911058074707044,-0.013191070738029846,-107.55988188997182
2.2232452076478658e-6,224.70077993113674,3503.765395070696,0.0004247264368379311,-0.0005338389913769325,2.9676692678433276e-6,365.256472579555,3624.402008276949,0.011943258493458926,0.0030156662583301283,4.084115957733427e-7,682.2732268217947,380.96242390543523,0.045062824043814974,0.03332106214258041,0.0012124763710094286,4328.765104966521,4769.47330265751,0.03786398063645554,-0.013607717787296535,-107.71456750857811
2.2234191716582233e-6,224.7007804727924,3503.7653862760735,0.0008831154208418708,-0.000609051098376248,2.9702656266110443e-6,365.2564722724527,3624.402012795342,0.012308149342601177,0.002932797703275423,4.0441639889200524e-7,682.6345519073044,376.2362637778318,0.04152738661124507,0.03525324515645696,0.0012005760048958178,4330.822317475964,4769.223543043544,0.037804240755605616,-0.014034021620698936,-107.86037554546746
2.2241564089016777e-6,224.7007809635948,3503.765378401173,0.0013295164422017938,-0.0006755075614292305,2.9727436980170714e-6,365.2564719458253,3624.4020176739855,0.012662355554126078,0.0028584916134696253,4.010212507980184e-7,682.9960683469701,371.4451442938492,0.038009270726801166,0.037063181944358106,0.0011890280607909148,4332.786429020339,4768.767381092164,0.03773345524932151,-0.01446653040386533,-107.99725519010852
2.2253296824698598e-6,224.70078141030956,3503.765371340056,0.0017649210893983813,-0.000735068723965843,2.9751238682973546e-6,365.2564715983726,3624.402022915948,0.013006733094588637,0.0027910096410539045,3.983085209850978e-7,683.3577762421316,366.58479047649274,0.034484474336129646,0.03871972470906433,0.0011777920671278228,4334.649633961705,4768.165830132442,0.03765181785012083,-0.01489896758919211,-108.12520186998852
2.2268559423172747e-6,224.7007818178032,3503.7653649980425,0.0021872613024820717,-0.0007871079705015343,2.977395569034632e-6,365.25647123016387,3624.4020285147467,0.013339785825763567,0.002730902140089875,3.963192897832126e-7,683.7196756941805,361.6642665322494,0.03095565561909556,0.04020220120606524,0.0011669323258980836,4336.427519798599,4767.429581719219,0.0375612862994214,-0.015328688660128329,-108.2442543317918
2.2286714784379694e-6,224.70078218928822,3503.7653593178457,0.002596693734662094,-0.0008314143823000927,2.979568229034284e-6,365.2564708390544,3624.402034489408,0.01366180609796488,0.0026782265578786874,3.950995088896226e-7,684.0817668045642,356.68139855756596,0.02742303016368635,0.04150158514772705,0.0011564366001055107,4338.122373175335,4766.579669010667,0.03746340253184209,-0.015751448716320244,-108.35449199570236
2.2306848233521554e-6,224.70078253037144,3503.7653542029743,0.0029912207941751924,-0.0008687063534913042,2.9816335897839266e-6,365.2564704271238,3624.4020408065007,0.013971254976131315,0.002632349487296859,3.9466502633455015e-7,684.4440496747828,351.64921584052865,0.023901657295292558,0.042586408409735724,0.0011463541333265074,4339.73794793435,4765.646093578796,0.03736052026058545,-0.01616486913056172,-108.45603264258897
2.2328334852692416e-6,224.70078284437344,3503.765349586148,0.003370732636257375,-0.000899145164338505,2.9835952058974246e-6,365.25646999379364,3624.4020474686718,0.01426810830853099,0.002593053257366501,3.9506543181568553e-7,684.8065244063913,346.5693044225393,0.02039312345399698,0.04345251518086623,0.0011366787094177306,4341.278085296527,4764.647603965553,0.037254044792711015,-0.01656583611705777,-108.54903028396495
2.235075600303391e-6,224.70078313341847,3503.7653454383,0.003734227590168658,-0.0009236848186958427,2.9854545982121867e-6,365.2564695392097,3624.4020544674077,0.0145517561125832,0.002559491846287238,3.962754829020485e-7,685.169191100996,341.4515483689943,0.016932047805416732,0.044091270186358646,0.001127430842009981,4342.745608133864,4763.61054173083,0.03714600664076232,-0.016951103413015662,-108.63367305576837
2.2373555543090343e-6,224.70078340159816,3503.765341687412,0.00408089471527619,-0.0009425134889117712,2.9872086853684373e-6,365.25646906551736,3624.40206177039,0.014821507480159308,0.0025314292472496695,3.982823682209164e-7,685.5320498602595,336.30825045900946,0.013541116562706512,0.04449412534419724,0.0011186172121257943,4344.135063148198,4762.554312836505,0.037038421274133405,-0.01732007441388624,-108.7101810722941
2.2396480625544637e-6,224.70078365019276,3503.7653383043094,0.004410123558962789,-0.0009553234136463171,2.988857309219273e-6,365.25646857234625,3624.4020693807734,0.01507701320645094,0.0025090445865571537,4.010919370926092e-7,685.8951007858979,331.1453163727757,0.010237496047525661,0.0446777278865103,0.0011102434003249242,4345.4553114735645,4761.482141322997,0.03693256698333301,-0.017670597913792024,-108.77880419783116
2.2419168353397376e-6,224.70078388168886,3503.7653352514963,0.004721796498405084,-0.0009641140900220445,2.9904052309971627e-6,365.25646806161865,3624.40207726758,0.015318190137490308,0.0024906365904398243,4.046446645434383e-7,686.2583439796791,325.9736768668036,0.007050574262149961,0.04464481127233451,0.0011022917465416274,4346.690734371033,4760.4338336548835,0.0368299305273452,-0.018001624793823882,-108.83981962132599
2.2441358172479833e-6,224.70078409776596,3503.765332493662,0.00501461775200342,-0.0009682693934712575,2.991845752771492e-6,365.2564675351055,3624.4020854084847,0.015544101195191121,0.002476660308729621,4.089124845290955e-7,686.6217795434274,320.80527793419304,0.003999601980594128,0.04441640747777614,0.0010947951903067907,4347.849388638029,4759.4075406069405,0.03673306930459146,-0.018312235919115686,-108.89352936027552
2.2462697505127715e-6,224.70078430073553,3503.7653299890694,0.005287766826531365,-0.0009698544132062533,2.99317716722913e-6,365.2564669963115,3624.40209375944,0.015754090385967447,0.002465371962510709,4.138364964667206e-7,686.9854075790196,315.651974843985,0.001100978393416635,0.04400797421954215,0.0010877560433877307,4348.926948239105,4758.4333022818755,0.036642760875904755,-0.018601657398827215,-108.94025741659982
2.24831652346985e-6,224.70078449144106,3503.765327721432,0.005542029922955592,-0.0009692699254134255,2.9944069625369974e-6,365.2564664455733,3624.4021023126866,0.015948799231544155,0.0024563949397368276,4.1936783040560654e-7,687.3492281883878,310.5171896787657,-0.0016348160936402057,0.043442549656026064,0.0010811392760606581,4349.910520408949,4757.52234365061,0.03656034830766367,-0.01887053528315373,-108.9803470799801
2.2502547960896997e-6,224.7007846712648,3503.7653256595618,0.005775389313322576,-0.0009662444843254764,2.995521930578218e-6,365.25646588690483,3624.4021110202475,0.016126707537215856,0.002449968167006223,4.25450961644036e-7,687.7132414735157,305.41433986354366,-0.0042000564176992265,0.04274791413280913,0.0010749906464825672,4350.807868765849,4756.674164931803,0.03648810003145629,-0.019118658582314638,-109.01415782025315
2.252065582176969e-6,224.70078484195156,3503.765323772192,0.005988079418041562,-0.0009626041860472621,2.996527057327149e-6,365.2564653235999,3624.4021198390274,0.016287969594758818,0.0024445135859479353,4.3201405230650284e-7,688.0774475364433,300.35023721464495,-0.0065892373842057865,0.04194026380054447,0.0010692900621082813,4351.606698133546,4755.912763515144,0.036426663752297514,-0.019346741662718634,-109.04206245166074
2.221715544636857e-6,224.70077993809932,3503.7653998284663,0.002885970883556826,-0.0008097368825625422,2.964856533579408e-6,365.2564681730069,3624.4021119368876,0.013710741382112045,0.002599138818358484,1.3193148827334904e-8,688.4418464792636,-268.7838314081952,-0.8919926140072562,-3.1152825126085526,0.001177020017602997,4373.315651509094,4744.190582863106,0.03965012977964473,-0.01783949754199451,-109.05500729357554
2.2154157035044787e-6,224.7007804544899,3503.765393290896,0.0026818326888189904,-0.0010130268146703366,2.964063733406039e-6,365.2564684933277,3624.402109960554,0.013559327870654312,0.0024209381539824185,1.644845296548177e-8,688.8064384041246,-122.8319875821205,-0.7784381503907006,-2.438926135560362,0.0011804369648054267,4373.051633271556,4746.456803757566,0.03970191922211893,-0.017844252508337096,-108.91565348453425
2.210165251587996e-6,224.70078094168719,3503.7653872644573,0.0025483203898210385,-0.0012064344800320796,2.9638150199856853e-6,365.2564686568809,3624.402109695769,0.013463335391321236,0.002249810044762803,1.723031319957612e-8,689.1712234132264,-88.82012920855844,-0.7839171798833963,-2.272057496803222,0.001181781645466857,4372.487267366519,4748.659275118726,0.03971633658115903,-0.01785005342916968,-108.7864349747757
2.2056211699448523e-6,224.70078139108836,3503.765381800341,0.002414892957479077,-0.0014001778794026946,2.9635338377073724e-6,365.2564688302615,3624.402109493567,0.013367381568821791,0.0020817048646085373,1.97333024152193e-8,689.536201608825,-16.879179437003486,-0.7274645917170788,-1.9328328741482146,0.0011833024587391608,4371.9846250057035,4750.706219790304,0.03973679268437568,-0.017882028598230428,-108.66966998959498
2.201751692392536e-6,224.70078181002498,3503.765376760161,0.0023034409040671167,-0.001592129518863273,2.96338208044988e-6,365.25646897073034,3624.4021097649897,0.013287740808160716,0.0019167245141407281,2.304727049451082e-8,689.9013730932307,51.89798874344864,-0.6636412778807003,-1.6085633314512686,0.0011842335245525165,4371.364267233135,4752.693432684414,0.03975029140095554,-0.017938168156046874,-108.56593799495224
2.1981445539373964e-6,224.70078218596677,3503.7653722874575,0.002170747797434153,-0.0017862031099869211,2.962991438662045e-6,365.25646919709857,3624.402109362422,0.013189539659697309,0.001753627336677659,3.0507799072810995e-8,690.2667379688063,145.31483908468462,-0.5512849742150366,-1.1747372881892693,0.0011858625333209891,4370.703136264519,4754.626619941782,0.03978649373897553,-0.018032931457273155,-108.47534413080758
2.1945948771891883e-6,224.70078252158464,3503.7653683270564,0.0020262901923584846,-0.001982373856076885,2.9624366257331777e-6,365.2564694740394,3624.402108644595,0.01307956624054696,0.0015916555266034828,4.122963046088083e-8,690.6322963379702,218.5370629893613,-0.45577024093553986,-0.8350891034759924,0.0011877862728874103,4369.824657487931,4756.611013513417,0.03984566133940334,-0.01815702998154802,-108.3968515572098
2.19090125705771e-6,224.7007828167537,3503.765364887467,0.0018752672656252418,-0.002180715610690867,2.961757370020751e-6,365.2564697670116,3624.402107971146,0.012961455671552349,0.0014303754103185654,5.4574562920568976e-8,690.9980483031947,268.6663151823466,-0.3861978988549457,-0.6021265302535256,0.0011897867763705052,4368.622402295731,4758.718417461965,0.03992748622809449,-0.0182978369211761,-108.32878761242718
2.1869195302231624e-6,224.70078307528718,3503.765361915747,0.0017128759061858078,-0.002376591693211432,2.9609208855599076e-6,365.2564700651167,3624.402107454653,0.012831547118428507,0.0012738178129547593,7.001347077956441e-8,691.363993967007,302.1450364279784,-0.33544029773866807,-0.4455617267154533,0.0011920268231646106,4367.118642865592,4760.920746378141,0.04003563046659309,-0.01844516541424488,-108.2691808719478
2.182647958058352e-6,224.70078330645708,3503.7653592824627,0.0015448599889766974,-0.002569142976570199,2.9599978753431797e-6,365.2564703330173,3624.402107406649,0.012695020792802375,0.001122248033102229,8.643759146444363e-8,691.7301334319867,324.0117592316666,-0.298567612091764,-0.3414434012804325,0.0011943612270671053,4365.337214774307,4763.222420529597,0.04016597918918872,-0.01858657524804027,-108.21639667029974
2.1781568479985485e-6,224.7007835195365,3503.7653568505107,0.0013755120858420316,-0.0027575780302491284,2.9590375787020985e-6,365.25647055537985,3624.4021079289737,0.012555706254790086,0.0009759391681105103,1.0326689974786996e-7,692.0964668007696,338.54214046652885,-0.27066036854914227,-0.2698417214105424,0.0011966817054533522,4363.314302012,4765.610226720736,0.04031179165076789,-0.01871921940458599,-108.16946041294287
2.1735323134692595e-6,224.7007837216305,3503.7653545140415,0.001209030939360535,-0.0029423789023347025,2.958087759824779e-6,365.25647071969894,3624.4021090999213,0.012417364303279763,0.000834077350451184,1.2011140398757862e-7,692.4629941760459,348.3260142678563,-0.24876035045423553,-0.21879473361697624,0.0011988866515509782,4361.090012704686,4768.077678512582,0.04046691605095748,-0.01884154710218245,-108.12801994949572
2.1688402273428576e-6,224.7007839163513,3503.7653522213454,0.0010487178625045957,-0.0031232229869853118,2.9571800287030177e-6,365.2564708147217,3624.4021110002327,0.012282811338150722,0.0006966239292949745,1.3681974948097773e-7,692.8297156605581,354.9811467789179,-0.23099215101409903,-0.18097645363270728,0.0012008934227215168,4358.69207930171,4770.612214121728,0.04062732037970672,-0.01895346374351682,-108.092177610482
2.1641488951109352e-6,224.700784106895,3503.7653499210514,0.0008966492907001482,-0.0032995652475270223,2.9563348699527043e-6,365.2564708333708,3624.4021136709343,0.012153924067736634,0.0005638092448740181,1.5325231215275574e-7,693.1966313571052,359.4600377840671,-0.2162155843060957,-0.15210897966643597,0.0012026595534460338,4356.1531959725535,4773.194185768941,0.040791349705340305,-0.019056179098490205,-108.0623312200693
2.1595281196018295e-6,224.70078429621284,3503.7653475638676,0.0007553778641066256,-0.003472880776493532,2.955573654618017e-6,365.25647077539463,3624.4021170841606,0.012032812741362978,0.0004341260904270532,1.6935737333411922e-7,693.56374136854,362.39184741439186,-0.20364128958392663,-0.12945440939068312,0.0012041096065528094,4353.49296289361,4775.828492760092,0.04095345155817501,-0.019153309352309193,-108.03905351854198
2.155029182747317e-6,224.70078448450894,3503.76534514681,0.0006275951766812901,-0.003641210661497749,2.95491433897622e-6,365.2564706268385,3624.402121366887,0.01192168069435929,0.00030901173751592684,1.8503976767290565e-7,693.9310457977704,364.175694989898,-0.19280260778045594,-0.11127939511935388,0.0012051797788328335,4350.733613312159,4778.484577535885,0.041113535709752756,-0.019245468487703914,-108.02300293256387
2.1507019077056465e-6,224.7007846730559,3503.765342646752,0.0005141367105257067,-0.00380495334257389,2.954361476891026e-6,365.2564703915012,3624.4021264612284,0.011821265188419298,0.00018797530168433672,2.0029787700996245e-7,694.2985447477566,365.09220029213503,-0.18328077850678307,-0.09640168058418438,0.0012058642686753119,4347.907310864053,4781.149022703014,0.041269098558933306,-0.01933578094999165,-108.0148548699736
2.146599083513845e-6,224.70078486209837,3503.7653400573877,0.00041751448655348924,-0.003963537831500584,2.9539328270631946e-6,365.256470058206,3624.402132463008,0.011733666441217636,7.12645319845974e-5,2.149973342244095e-7,694.6662383215158,365.33189374278874,-0.17487057411248796,-0.0840361988643361,0.0012060870297360632,4345.02769178768,4783.8071668605935,0.04141917010199493,-0.01942597271745165,-108.015247119578
2.1427740528207524e-6,224.70078505185745,3503.765337373588,0.00033870010355360205,-0.00411566767544727,2.953629878331369e-6,365.2564696290978,3624.402139340498,0.01165972015529414,-4.0167514414818803e-5,2.2909904418346917e-7,695.0341266221194,365.02729003585074,-0.16733891295849734,-0.07362195043617421,0.0012058478383493022,4342.1368090808855,4786.420990075887,0.041562474247048994,-0.019518871246198978,-108.02473523810933
2.1392545027677455e-6,224.70078524228023,3503.7653345954886,0.00027874992598848837,-0.004262384565276977,2.953458959341594e-6,365.2564691031287,3624.4021470906205,0.011600298065722445,-0.0001473718770812846,2.4260607098037717e-7,695.4022097526913,364.30065106513047,-0.16051885567700258,-0.06470642779885795,0.0012051126247152604,4339.241183028087,4788.995427256682,0.041696938036876775,-0.01961692213876407,-108.04375715802281
2.136084628259584e-6,224.7007854328048,3503.765331731908,0.00023855703472638285,-0.004402010202262464,2.953422004857384e-6,365.25646847749164,3624.40215573649,0.01155623334680971,-0.00024908887800090425,2.5542521001596254e-7,695.7704878164122,363.22095277770154,-0.15430574463358324,-0.05700447591276793,0.0012038760178462859,4336.374809339693,4791.491560223931,0.041822843768888326,-0.01972195866483822,-108.07260648256343
2.1332920335731412e-6,224.70078562299895,3503.765328790071,0.00021862249246224863,-0.004534983997253278,2.9535215691276605e-6,365.25646775333524,3624.402165259004,0.011528033178768396,-0.00034582784231153014,2.6749062230739583e-7,696.1389609165169,361.84620375863733,-0.14860475395792377,-0.0502909327439775,0.0012021283792043877,4333.56291219673,4793.898978691278,0.04193905975728953,-0.019835309539329736,-108.11141481910308
2.1309010565312847e-6,224.70078581212957,3503.765325784504,0.0002192161862507596,-0.00466046382892067,2.953753527055598e-6,365.2564669346574,3624.4021756191837,0.011515939537418937,-0.0004369707329042367,2.7882270557928564e-7,696.5076291562953,360.2265597625836,-0.14331724395188863,-0.04437828936846513,0.0011998875825398685,4330.831059127061,4796.189886697478,0.042045259653218925,-0.01995917183155321,-108.16014355325791
2.128935964364782e-6,224.70078599971282,3503.765322725441,0.0002403754599520156,-0.004778960619361267,2.9541171278517274e-6,365.2564660252214,3624.4021867751317,0.011520107074876936,-0.0005230876130869529,2.8936719249848665e-7,696.8764926390901,358.3996801786118,-0.13838566559888296,-0.039134314667612934,0.001197149955881264,4328.197471168259,4798.357917286284,0.04213990448283739,-0.020095229797554917,-108.2185846992767
2.1274009910850943e-6,224.7007861847547,3503.7653196338397,0.0002819581005727018,-0.004889730140390788,2.9546060227978776e-6,365.2564650253598,3624.4021987289057,0.011540405476693806,-0.0006036363443784015,2.991680784512692e-7,697.2455514683006,356.40390918891006,-0.13375001165032757,-0.03443137106374547,0.0011939284802357088,4325.670998186119,4800.384825920076,0.042222802262453465,-0.02024493617220301,-108.28637030933852
2.1263055633564597e-6,224.7007863664277,3503.765316526704,0.00034276204616094446,-0.004993450528966068,2.9552124990762912e-6,365.2564639435402,3624.402211400322,0.011576115060968681,-0.0006792303960455369,3.0815034577521276e-7,697.6148057473813,354.25399227831633,-0.12937677649175064,-0.030207752737887367,0.0011902774119562313,4323.283975137781,4802.258912049392,0.04229509513283471,-0.020408421552760844,-108.36298930936573
2.1256476923607715e-6,224.70078654397997,3503.765313422825,0.00042324734290470585,-0.005089542967528415,2.955934193702031e-6,365.2564627793387,3624.402224801617,0.011627478660368255,-0.0007494824072049121,3.1638979059018193e-7,697.9842555798388,351.9794819257055,-0.12521758408817865,-0.026371556737452805,0.001186173749640876,4321.028946682228,4803.9742086857605,0.042354487104613786,-0.02058723541206995,-108.44781013518443
2.1254093502901006e-6,224.7007867162474,3503.7653103471957,0.0005210061671779006,-0.0051785215151768735,2.9567555085587374e-6,365.2564615426845,3624.402238846692,0.011692808862172761,-0.000814805786623895,3.2386900152199547e-7,698.353901069237,349.58829882315354,-0.12124838529639212,-0.02288562752648761,0.0011817098252050345,4318.93652939754,4805.51988523686,0.04240334202473058,-0.020779844293961777,-108.54010688753058
2.1255970422260118e-6,224.70078688305136,3503.7653073083306,0.0006357993193434805,-0.0052607893608339175,2.957671780421095e-6,365.2564602363629,3624.4022535168897,0.011771906992489303,-0.0008756000802841676,3.3059686080428897e-7,698.723742319194,347.1005183038696,-0.11744695880239056,-0.01969648232396231,0.0011768809711679858,4317.004168248698,4806.894400017172,0.042439886343100974,-0.020988280493706688,-108.63908764805107
2.1261823725723186e-6,224.70078704342353,3503.7653043303158,0.0007661435442419325,-0.005336525992483167,2.9586718987872316e-6,365.256458867057,3624.4022687608817,0.01186363225554065,-0.0009320054029271435,3.36648499169209e-7,699.0937794333831,344.52709026247913,-0.11378373996386928,-0.01676678089565303,0.001171740331314784,4315.237411675012,4808.097841885925,0.04246462654861154,-0.02121144023745959,-108.74392227173976
2.1271525715077795e-6,224.70078719684867,3503.765301427828,0.0009108578755014062,-0.005405866663115943,2.959747435367773e-6,365.2564574373107,3624.40228457163,0.011967122623418341,-0.0009841601920005155,3.420238698387969e-7,699.4640125155308,341.87883990069855,-0.11024925917510388,-0.014065312868811297,0.0011663211099509799,4313.63947210386,4809.128347703755,0.0424779273686252,-0.02144906418089197,-108.8537686224023
2.1284843850984265e-6,224.70078734292002,3503.7652986145904,0.0010684192420388132,-0.005469379685040578,2.9608870721861236e-6,365.25645595348425,3624.402300903332,0.012081190645858574,-0.0010325055204532375,3.467728443742891e-7,699.8344416694206,339.16330499780787,-0.10682726599664098,-0.01156910462598968,0.0011606666951482843,4312.21392818093,4809.987243048297,0.0424797577309522,-0.021700671134010953,-108.96779560563442
2.2670545358016784e-6,224.7007877592674,3503.765293033653,0.0045529354691250905,-0.0017744003789318483,2.9840917646334906e-6,365.25646241914507,3624.402241786326,0.014972471672541707,0.0018007241937695803,6.582904729452614e-7,700.2050669988898,154.79389047367812,-0.033087746858300335,0.016792019217879196,0.001066731031958962,4331.47100588865,4770.934585906961,0.040805033820610494,-0.023094769750369153,-109.0223453281641
2.267295056639586e-6,224.70078778811566,3503.765292345461,0.00444684429095261,-0.0018180438563567798,2.98322755212415e-6,365.25646338724687,3624.4022328930814,0.014888703273882462,0.001774326337594585,6.611595312608989e-7,700.575888607832,150.57931096460885,-0.03317258337060688,0.016534627497276636,0.0010689779222865104,4330.790179696589,4771.460154401088,0.04104845262977105,-0.02326797567138638,-109.05523541725621
2.2674927842146305e-6,224.70078781602257,3503.765291634053,0.004343005344861781,-0.0018628966161747804,2.982346784296144e-6,365.2564644901671,3624.4022224611426,0.01480680860457962,0.0017473023328842543,6.635154926315701e-7,700.9469066001934,146.3612516516823,-0.03324444085950788,0.01631419259601379,0.0010712580467687116,4330.213514806889,4771.927819630098,0.04129409261761296,-0.023448749144414284,-109.09276491176107
2.2676341243543607e-6,224.70078784305784,3503.76529089971,0.004242147485115109,-0.0019100144541433055,2.9814549452428436e-6,365.2564657340557,3624.4022104310284,0.014727315209109656,0.0017187482857642402,6.653401015853604e-7,701.3181210799772,142.1358048410454,-0.033303944063636286,0.016127569225771646,0.0010735500045688348,4329.735945259443,4772.350569002452,0.04154191546588208,-0.023636432845623622,-109.13498649157228
2.2677240713903586e-6,224.7007878698723,3503.7652901347237,0.004143848913487079,-0.001959396172996526,2.9805483535955748e-6,365.25646713225643,3624.402196678086,0.014649818240222037,0.001688603017117971,6.665917745091693e-7,701.6895321512422,137.90721906391713,-0.03335420310095413,0.015975805802631166,0.0010758526051564367,4329.368698792464,4772.719372861093,0.041788935471253535,-0.02383199982977759,-109.1819232693581
2.2677508867598907e-6,224.7007878963545,3503.7652893432573,0.004048230238289172,-0.0020111402249352196,2.9796279364029072e-6,365.2564686932581,3624.4021811256607,0.01457438995971483,0.0016567811117366746,6.672696795081301e-7,702.0611399180997,133.67110775816832,-0.03339822600024871,0.01585897373861805,0.0010781629017597163,4329.108969569163,4773.038516411247,0.04203653058022923,-0.0240341742886231,-109.2335692009149
2.2677236468688906e-6,224.700787923162,3503.7652885176276,0.003955023105234388,-0.0020652473633733345,2.978692820553958e-6,365.2564704282095,3624.4021636767816,0.014500746252906645,0.001623193275811999,6.673258740951019e-7,702.4329444847183,129.43614415957362,-0.03343698306539596,0.015776693669702645,0.0010804812610691202,4328.962856997142,4773.303897536334,0.042280957704501805,-0.02424417931979327,-109.28988994040462
2.267633634218035e-6,224.70078795019404,3503.7652876618713,0.003864645653543478,-0.0021224225415044226,2.9777472135016264e-6,365.25647234590076,3624.402144257492,0.014429226416328825,0.0015872369041431986,6.667705836784537e-7,702.8049459553214,125.19506092713851,-0.033473366950320445,0.015728147609953454,0.0010827887364565616,4328.927096993429,4773.525802548515,0.042522408544854465,-0.02446041839924764,-109.35082377006418
2.2674861446993473e-6,224.70078797784927,3503.7652867719844,0.0037760137608920464,-0.002182099245530481,2.9767848566800016e-6,365.2564744534213,3624.402122821318,0.014358941881067365,0.0015493461961352244,6.655508575244665e-7,703.177144434188,120.95755494307062,-0.03350877406929029,0.01571385410159082,0.0010851097283727253,4329.00544906979,4773.693838502104,0.04275939757124515,-0.024683865869333455,-109.41628269806007
2.2672864378715682e-6,224.7007880061564,3503.765285851183,0.003689834627193038,-0.002244351171448297,2.975812491554351e-6,365.25647676196513,3624.402099275784,0.01429043443515379,0.001509384737523595,6.636808617794992e-7,703.5495400256503,116.72104550730184,-0.033545491192120566,0.015734612700707126,0.001087422340055173,4329.197160366886,4773.814315908889,0.04299031049305697,-0.024913325360773377,-109.48615366148918
2.2670394992299376e-6,224.7007880353544,3503.7652848969615,0.003605733306382125,-0.0023090966493370287,2.974829115499483e-6,365.256479276818,3624.402073603913,0.014223433871832562,0.0014673783740764361,6.611091897419586e-7,703.922132834098,112.48721402773886,-0.033584266538521194,0.015791440415535464,0.00108972804857922,4329.505686374146,4773.881044323268,0.0432143350976995,-0.025149001486825577,-109.56029951248047
2.266754661241376e-6,224.70078806542884,3503.765283913687,0.003524331116503871,-0.0023767682832474793,2.973842313974417e-6,365.2564819997775,3624.402045820795,0.014158408163299692,0.0014228916953003866,6.578541018727832e-7,704.2949229639756,108.25958666414112,-0.033623760147521706,0.01588166661914186,0.0010920082871348294,4329.926806259436,4773.900696276314,0.04342854961562302,-0.025390570266029318,-109.63856018625609
2.266441392481663e-6,224.70078809641896,3503.7652829030317,0.0034454901256998466,-0.0024459929200914485,2.9728514401655496e-6,365.256484942829,3624.4020158387852,0.014095241483744924,0.0013770241161112525,6.538710263156564e-7,704.6679105197816,808.7076039042978,-0.033667360235136924,0.016011237843373386,0.0010942667280629348,4330.458569016854,4773.866728403639,0.04363347294259905,-0.02563772978455288,-109.72075345018136
2.2661131768139742e-6,224.70078812843425,3503.7652818665133,0.0033700600660246135,-0.002517536598631613,2.971867038454317e-6,365.2564880987184,3624.40198378093,0.014034628506902208,0.0013290362384869448,6.491985999783979e-7,705.041095606071,99.83088410352934,-0.033710636860944575,0.016175541061562642,0.0010964721311431498,4331.096931198163,4773.785575051392,0.04382525739907717,-0.025890268037716904,-109.80667569494935
2.2657762629594173e-6,224.70078816140173,3503.7652808074113,0.0032973866283458266,-0.002590632645105525,2.9708865267033497e-6,365.256491475324,3624.401949623776,0.013976121016461025,0.0012795318618479218,6.437624372639593e-7,705.4144783274545,95.63494077784472,-0.033756470611369105,0.01638056298634229,0.0010986414478036685,4331.848937753105,4773.648412485192,0.044004469608959984,-0.02614734522933912,-109.89610240640549
2.2654487464420122e-6,224.70078819535823,3503.765279728517,0.003228201509781468,-0.0026645875046400745,2.9699176586525767e-6,365.256495068752,3624.4019134522446,0.013920289056343984,0.001229020104543779,6.376065508950275e-7,705.788058788598,91.4573144364523,-0.03380222251965359,0.016626289003992187,0.0011007549817199469,4332.703169477799,4773.457557776023,0.04416909537098034,-0.026408847658287257,-109.98878857783123
2.265145915875328e-6,224.70078823015913,3503.765278635481,0.0031638673977299123,-0.002739674009506241,2.96897316623807e-6,365.2564988734389,3624.401875395455,0.013868220693533741,0.0011771491208051015,6.307047334825091e-7,706.1618370942214,793.46080378401,-0.03384384339948931,0.0169136716218748,0.0011027746718635305,4333.659675134501,4773.2147174634,0.04431655531147645,-0.026674490751313517,-110.08446878447712
2.264876786469807e-6,224.70078826581172,3503.76527752958,0.0031038330504507723,-0.0028147968902851594,2.968051770191258e-6,365.25650287816325,3624.4018356391475,0.013819564041432605,0.0011248064160316296,6.230545485776969e-7,706.5358133491015,789.7000984646328,-0.033879483495899115,0.017245658899323182,0.0011047077029643488,4334.712420117306,4772.913598402104,0.044447258664087504,-0.026943704776319036,-110.18285738961647
2.2646642337442936e-6,224.7007883021817,3503.765276417798,0.003049691181099793,-0.0028896281263120806,2.9671664311331803e-6,365.2565070936289,3624.401794134767,0.013775530101960021,0.0010721600556798108,6.146439940498782e-7,706.9099876580713,79.05572982896474,-0.033909965267375594,0.01762808889787815,0.001106520898694851,4335.859073804609,4772.5574590134465,0.044558843315973845,-0.02721612102364429,-110.28364837125038
2.2645271506459068e-6,224.70078833929585,3503.765275301438,0.0030014850715459353,-0.00296272584325936,2.966320753462992e-6,365.2565114905864,3624.401751274483,0.013736257720735405,0.0010203214260158754,6.055014687146911e-7,707.2843601260165,74.98243861659594,-0.0339262847784144,0.018062433113849335,0.0011082093122210845,4337.0959682761795,4772.1322872739975,0.04465048825415819,-0.0274916290039857,-110.38651538806175
2.2644739839659456e-6,224.70078837692256,3503.765274187939,0.002960396869902392,-0.003034571280071227,2.9655254779134312e-6,365.2565160712626,3624.4017071086873,0.01370263490370257,0.0009688401314971479,5.956049368125864e-7,707.658930857881,778.6036631682654,-0.033929197017382326,0.01855314503923424,0.0011097392583536685,4338.413575784354,4771.651585469459,0.04472079213846364,-0.027769395622885083,-110.49111177874568
2.2645243035679744e-6,224.7007884150698,3503.765273079365,0.0029268113155769436,-0.0031037179475820417,2.9647862603811654e-6,365.25652081417314,3624.401661961263,0.013675059673623275,0.0009188157327307946,5.849548797689193e-7,708.0336999586636,774.98410336484,-0.033911943211245625,0.01910611623148013,0.0011111006794559633,4339.81107851068,4771.103746158262,0.044768927364906626,-0.02804898947625783,-110.59707058949462
2.264700331618056e-6,224.7007884536266,3503.7652719810567,0.0029022565615224667,-0.0031694794457656408,2.9641147060670845e-6,365.25652571055537,3624.4016160063475,0.013654698848556612,0.0008707478155626983,5.735624866532657e-7,708.4086675334189,771.4137505069593,-0.033870395133744347,0.019727698354398502,0.0011122601648078634,4341.278347441499,4770.488108155076,0.04479380013959636,-0.02833068536990704,-110.70400506456234
2.2650075042309398e-6,224.70078849243376,3503.7652708980804,0.0028869503021424093,-0.0032314428762836175,2.963515916641132e-6,365.2565307389968,3624.401569568422,0.013641757561822815,0.0008249187570282484,5.614124938892202e-7,708.7838336872554,767.8996664850789,-0.0337997333886242,0.020424004611327696,0.0011132045639184209,4342.8090658138635,4769.806447240462,0.044794727501104525,-0.02861347688026085,-110.81150933313207
2.2654703793423944e-6,224.7007885314933,3503.765269833188,0.0028821066389544104,-0.00328815678325976,2.9629992229936867e-6,365.2565358820182,3624.4015229277124,0.013637208174072941,0.0007824456327827609,5.485428680301682e-7,709.1591985253394,764.450253964708,-0.03369303409418733,0.021203703847080445,0.001113907243639423,4344.3969297694775,4769.0490576455395,0.04477100023706872,-0.028897457760563523,-110.91915947546002
2.266099292774649e-6,224.70078857059207,3503.7652687929613,0.0028893751010395183,-0.0033398174916701743,2.9625782222107907e-6,365.2565411133562,3624.4014764691647,0.013642316619169698,0.0007430824910381271,5.349467568977736e-7,709.5347621528928,51.5359338744636,-0.03354193133083848,0.022072878221329667,0.0011143245268205083,4346.029736212681,4768.223634597392,0.04472132072538388,-0.029182483654118897,-111.02651531328182
2.2669063023955445e-6,224.70078860973695,3503.7652677800393,0.002908825544198944,-0.003385446345457444,2.9622571757234836e-6,365.25654641494754,3624.4014304662064,0.013657171135873662,0.000707576215482931,5.206665567110885e-7,709.9105246751909,757.7763580442983,-0.03333929927868014,0.02304156424528677,0.0011144543090897672,4347.705110108729,4767.32633216813,0.04464467919893945,-0.029467642242390263,-111.1331227100175
2.296527825490053e-6,224.7007894982271,3503.7652570086684,0.013179635852461413,-0.0047806235849342845,3.0337638931039833e-6,365.2562989217958,3624.404139605136,0.021380119668107513,-0.0008209904717496421,5.434101009977343e-9,710.2864861975673,1115.369458130444,3.4494644770338003,3.4780217969635805,0.0008787978949237408,4303.079030627822,4773.381448409774,0.03230828551117742,-0.03740990901273025,-111.22004783712067
2.2988125105202737e-6,224.7007895174865,3503.7652565657463,0.013356864809134303,-0.0047603527578737904,3.0346854380435708e-6,365.2562884478331,3624.4042654562522,0.021508528443248045,-0.0008079244411561987,5.881186588720471e-9,710.6626468254103,1040.572752977464,3.4112547943192015,3.1537756909282018,0.0008755313244733524,4303.297731392621,4772.550496863498,0.0321968424718025,-0.037696015802905776,-111.2317958788453
2.3011837925308815e-6,224.70078953393985,3503.765256165791,0.013535692623003253,-0.004739457411701992,3.0356280954559267e-6,365.256277366347,3624.4043991201834,0.021638352692684035,-0.0007947441867886333,5.72355503099562e-9,711.039006664165,1043.7809302286778,3.732536333876029,3.1747752288136417,0.0008722511029542499,4303.528482547558,4771.712298202353,0.03208217486817094,-0.03797776827927176,-111.2415650836233
2.303723402678374e-6,224.70078954782534,3503.7652558062177,0.013719193149998945,-0.004709520203931363,3.036596800583806e-6,365.25626584621006,3624.4045391276154,0.021772068325405857,-0.0007748648918839323,5.776703305049239e-9,711.41556581933,1020.0204929850895,3.9145218901592136,3.0770515545295827,0.0008689286277346914,4303.827683538623,4770.786772351832,0.03195823274078677,-0.03826014862731286,-111.25076394542205
2.3064127260327965e-6,224.70078955948114,3503.7652554826277,0.013911307741912637,-0.004670362467463211,3.0376219446483532e-6,365.25625380288915,3624.404686366394,0.02191277280355016,-0.0007483025064576989,6.218856972489958e-9,711.792324396462,954.0687668162351,3.8297555492854674,2.7936887392258396,0.0008654913453847279,4304.15975843633,4769.790619206897,0.03181922286359371,-0.038541332175818684,-111.25962949405094
2.309205973095198e-6,224.70078956797315,3503.7652552076247,0.01410210903878144,-0.004626236263681283,3.0386436822313525e-6,365.2562413169931,3624.4048403079496,0.022053011083309787,-0.0007181237667229095,6.348525155521236e-9,712.1692825011729,924.3425842475809,3.933131433909539,2.6707150012272436,0.0008621129931507605,4304.550308630013,4768.748304202187,0.031676719312817146,-0.03881764737735272,-111.26751076568232
2.3121274959506324e-6,224.70078957418642,3503.7652549690597,0.014300160880784042,-0.004573251074289251,3.03971398771517e-6,365.25622827487615,3624.405002264703,0.022199295669758017,-0.0006814528517529546,6.737870482751971e-9,712.5464402391314,873.0781919634619,3.871318451419028,2.4532408795698633,0.0008586464842327842,4304.962853811379,4767.640807802578,0.0315213118093402,-0.039093864514367326,-111.27513195909751
2.3152284945043307e-6,224.700789579585,3503.7652547463827,0.014516917740018679,-0.004507981961260364,3.040888495946009e-6,365.25621458832984,3624.405173416233,0.022359999503390498,-0.0006357606150818937,8.324169489776291e-9,712.9237977160594,752.9265675341991,3.266499703234355,1.9326239391676292,0.0008548902560872579,4305.362351420577,4766.445783444037,0.03133767327401937,-0.03938253758214731,-111.28300834905639
2.3184413373711834e-6,224.70078958293482,3503.7652545564033,0.014738901654469944,-0.004433369466469915,3.042096868275864e-6,365.2562003309555,3624.4053532723137,0.022525298332388786,-0.0005830960071538032,1.0096520766572638e-8,713.3013550377378,663.5936098942605,2.7995139893748853,1.5485157933438503,0.0008510929557424752,4305.790435656377,4765.183135827252,0.0311422359635329,-0.03967146259441941,-111.29032539994962
2.3219974426448786e-6,224.70078958996206,3503.7652543159793,0.015018951530165404,-0.004338624491666128,3.0436197294376063e-6,365.2561846437942,3624.4055516806275,0.022733761573572174,-0.0005158454586208358,1.5261419797643784e-8,713.679112310003,534.837510700905,1.9324420088506757,0.9908057562871413,0.000846315545108018,4306.053809337959,4763.767841581991,0.030877195671826656,-0.040017159350977036,-111.29765452167868
2.709793974148573e-6,224.70078982936946,3503.7652581378597,0.045950425099563215,0.005089934969465269,3.2517049463162576e-6,365.2564592984348,3624.402339611596,0.047221788009440054,0.006004577185562126,1.0031037167815365e-6,714.0570696387454,603.5079208878325,0.08496081116041357,0.014184489947986408,0.0005122956041800089,4324.9028528280505,4678.030496351143,-0.028495336281122295,-0.0647269575308664,-111.29631730325117
2.6972745815517136e-6,224.70078984361922,3503.7652570812097,0.044887439946459155,0.00513388577610924,3.2438216863007254e-6,365.25645436083926,3624.402399117026,0.04637741628207639,0.006069419345881618,1.0041051830093977e-6,714.4352271299134,599.6917752745458,0.0838940398897606,0.014728575739253201,0.0005198318150755071,4324.5534543712165,4677.707494116818,-0.0260357419201311,-0.06442389725444635,-111.28922254214001
2.6845633901459337e-6,224.70078985690105,3503.765256064733,0.04379709161053014,0.005160913856226405,3.235777965691063e-6,365.2564484992526,3624.40247065703,0.045511975098744044,0.006121748200078789,1.0047203573190129e-6,714.8135848895113,595.8265676052074,0.08274564617642721,0.01530607126704075,0.0005277539536319319,4324.204359921189,4677.552521155914,-0.023534997368564476,-0.0640507396636221,-111.28580075032329
2.36370111545338e-6,224.70079003258192,3503.765247312573,0.020354741196106526,-0.003409165817229464,3.073066669916676e-6,365.2560488463314,3624.4072114078735,0.0266967909397339,9.092039207563459e-5,2.2873790773293314e-7,715.1921430235999,317.0517962216724,0.21246920538626898,0.043665200121589205,0.0007630995507411117,4300.246561364539,4750.092696317089,0.024330460073935065,-0.04569029677623942,-111.261168366161
2.3804135971912196e-6,224.70079021408895,3503.765244413111,0.022509579857745862,-0.003330651955984328,3.0849405180930823e-6,365.25599681652193,3624.4078524961624,0.02830360735941012,0.00010155219561138636,3.154325450744384e-7,715.570901638294,312.39566662514414,0.1818623870110805,0.026355441009575056,0.0007336802498288406,4299.140629360172,4745.957026768964,0.021373105416859665,-0.047984078089417063,-111.21561520664272
2.395139961096043e-6,224.70079036935618,3503.765241769451,0.024406398344554138,-0.0033684749589951123,3.095111694852822e-6,365.2559427917965,3624.408526487686,0.02971498040937704,2.86605732791047e-5,3.999135484463977e-7,715.949860839767,308.83091401809537,0.16645383769765185,0.01699488307760693,0.000709446296208011,4298.610635193926,4742.633959615544,0.018726197468627533,-0.05006122791463708,-111.153732366074
2.406798643059409e-6,224.7007904898136,3503.7652395208224,0.025941097810469455,-0.003490359630165899,3.102965295018728e-6,365.2558877021434,3624.4092221440173,0.030850710272592487,-0.00010022489725183986,4.80967228694482e-7,716.3290207342482,305.5249881727685,0.15760321976239153,0.011233413304698306,0.0006909079540895679,4298.383869788234,4740.274834369126,0.016594670550393896,-0.05178748651404375,-111.07719551203726
2.415527949686219e-6,224.70079057900233,3503.7652376392907,0.02714961150038113,-0.003671499929675218,3.108730818409322e-6,365.25583110553293,3624.4099443056607,0.03173727697889628,-0.00026724404692676426,5.601610927321508e-7,716.7083814280213,302.2389548809529,0.15177720881083184,0.00724792290390224,0.0006769704577407995,4298.255902040784,4738.806266528462,0.014951800810254448,-0.053171731865882234,-110.98764608833362
2.4217349715309443e-6,224.70079064204208,3503.7652360704533,0.028091454197163912,-0.003901146160093535,3.112769065196843e-6,365.25577236929917,3624.4107007850203,0.03241950895697833,-0.0004660032808526081,6.394857609246512e-7,717.0879430274283,298.91366785587036,0.14743736247728254,0.004211492016648923,0.0006665310337214547,4298.126680796761,4738.141576918052,0.013715624458715985,-0.05425540731184424,-110.88643152788921
2.425812606901125e-6,224.70079068329497,3503.7652347635494,0.02881834523643562,-0.00417070039898126,3.115385054280255e-6,365.2557108050905,3624.4115005077365,0.032936485712245236,-0.0006913167326542797,7.207280627007679e-7,717.4677056388668,295.54039309785986,0.14387173744071868,0.0017280995822654818,0.0006587658013078062,4297.946693091276,4738.1719606873085,0.012812779551661211,-0.05508412040356112,-110.77467532461893
2.4280634169260844e-6,224.7007907053705,3503.76523369207,0.029368929949366993,-0.004478783525276413,3.1168095793573984e-6,365.2556459003387,3624.412350939684,0.03331761829368333,-0.0009433186391073597,8.050633272520786e-7,717.8476693687916,292.12815399825377,0.140744263544819,-0.0004273480089100348,0.000653094976052569,4297.689995802803,4738.848764396603,0.012180720850614482,-0.05569127821797627,-110.6533935933906
2.428721994097998e-6,224.7007907102269,3503.7652328370245,0.02977005770515765,-0.004819660478362049,3.117201191712297e-6,365.2555772271737,3624.413258558058,0.033583430418948235,-0.0012183516146202329,8.933934267922633e-7,718.2278343237112,288.6827512744651,0.13786940378827808,-0.002365472338290304,0.0006491352803376096,4297.353267856763,4740.095938112652,0.011775020375653566,-0.05610395494922181,-110.52359426041407
2.427967445794542e-6,224.7007906987652,3503.7652321936853,0.030044098455050884,-0.005193966086244734,3.1166879614774496e-6,365.25550436123785,3624.4142307707193,0.03375101391777233,-0.0015175573551072978,9.86542459760685e-7,718.6082006101936,285.2192618181899,0.13514211958612954,-0.004175981678968151,0.000646589431914421,4296.93138752326,4741.877779843293,0.011558673329706321,-0.05634568197380454,-110.38635698328314
2.425980329885605e-6,224.70079067168678,3503.765231760975,0.03020889130703472,-0.005596045858599794,3.1153821953892025e-6,365.255427066762,3624.415273029139,0.0338343655349425,-0.0018370195635597994,1.0847210096032302e-6,718.9887683348624,281.74787091771043,0.1325227502507237,-0.005895644505866186,0.0006452262962635131,4296.428611651842,4744.133848679039,0.011497951473535105,-0.056436927221130744,-110.24289942668108
2.4228647751218596e-6,224.70079062908934,3503.7652315469177,0.030276443461482016,-0.006025479694376075,3.1133552471960666e-6,365.2553450939946,3624.4163915766603,0.03384284133775068,-0.0021767472618568996,1.18824796645938e-6,719.3695376043959,278.27963768339765,0.12997065431594532,-0.007562383481388195,0.000644897872200159,4295.848052483368,4746.834773436164,0.01157071381294385,-0.05639237125826861,-110.09463307856925
2.418769514454052e-6,224.7007905713625,3503.7652315561822,0.030259390451625384,-0.0064755332333961075,3.1106952053094847e-6,365.2552583291191,3624.417591549193,0.03378665443329403,-0.002531783520956981,1.2968565280019036e-6,719.7505085255308,274.82247457019616,0.1274834822574719,-0.009183344880051892,0.0006454520210935157,4295.201715876768,4749.918338375259,0.011750067958528853,-0.05622816456456748,-109.94320766212385
2.4137967314708675e-6,224.7007904988588,3503.7652317938096,0.030165747091941718,-0.006939049517153148,3.107459989597764e-6,365.2551666537044,3624.418878479214,0.033672361408222405,-0.0028966702017787995,1.4102277631591336e-6,720.13168120506,271.3817271332097,0.12505110111572762,-0.01075814832545307,0.000646793337176923,4294.49804998555,4753.316593330462,0.012019385658794852,-0.05595889210905534,-109.79053978337616
2.4080802743140697e-6,224.7007904121006,3503.765232264465,0.030003916750363516,-0.0074053587948226494,3.103725410085969e-6,365.2550701045314,3624.4202563860567,0.03350716721640569,-0.0032631179781582816,1.5273641279057903e-6,720.5130557498334,267.9600578573339,0.1226839059120172,-0.012272434401813524,0.0006488299492278551,4293.745747115121,4756.953965026591,0.012361093972678573,-0.05559768875716822,-109.63881791811376
2.40176363663729e-6,224.70079031185057,3503.7652329697935,0.02978237575993979,-0.007864276208305465,3.0995725472786006e-6,365.2549688541825,3624.421728822835,0.03329844015983705,-0.003623172160270656,1.6468664831528184e-6,720.8946322667553,264.56293803820915,0.12039377739907134,-0.013712984573620678,0.0006514694016110012,4292.957225321973,4760.7468674807815,0.012756956855762024,-0.05515990677934301,-109.49047323044492
2.394978017137705e-6,224.70079019933803,3503.765233905834,0.02950601569755127,-0.008299014785530212,3.0950696044698073e-6,365.2548629616282,3624.423299703044,0.03305085808762695,-0.00396353454822827,1.7669863020895302e-6,721.2764108627889,261.185888723077,0.11819078247093588,-0.015044618526149599,0.0006546699349802693,4292.148780489712,4764.577343421152,0.01319936331680101,-0.05465746528280316,-109.3481043479457
2.387896403246517e-6,224.7007900764046,3503.7652350577805,0.02918290888992428,-0.008691966089102124,3.0903104617875573e-6,365.2547525585216,3624.4249733358674,0.03277165353834667,-0.004270176376361987,1.8854332334758844e-6,721.6583916449539,257.8286270901396,0.1160953419016023,-0.016232350589965958,0.0006583542099791676,4291.330365194982,4768.316756596067,0.013676378034896542,-0.054108095277769414,-109.21434571957553
2.380677431299369e-6,224.70078994506602,3503.765236410029,0.028818524142335267,-0.009025892091515218,3.085385795311059e-6,365.2546376683682,3624.4267549337833,0.032466165144780255,-0.004529266635287941,1.9993963078324226e-6,722.0405747203248,254.48774022759616,0.11412718825279743,-0.017243021232931366,0.0006624834726196184,4290.511760646618,4771.844804809327,0.014183483437959103,-0.05352436310508532,-109.09167526601651
2.3734952792271642e-6,224.70078980824343,3503.7652379285405,0.028418925466940175,-0.009279537728581744,3.0803858813811103e-6,365.2545179408323,3624.4286543487337,0.032139982249948885,-0.004723665442900337,2.1059582143349e-6,722.4229601960346,251.15842770271178,0.11230752630682998,-0.018033618917604046,0.0006670095694008518,4289.694447490882,4775.005323129818,0.014719554267606934,-0.052925508261241795,-108.98216866300582
2.3664865891575745e-6,224.7007896688521,3503.7652395762025,0.02798939505139897,-0.009439771924150672,3.075392102279243e-6,365.25439249211695,3624.4306896815724,0.0317978192475327,-0.004842571731994291,2.2023560959126453e-6,722.8055481792727,247.84222803042712,0.11065364360199968,-0.01858640528982792,0.000671894327274581,4288.8753048315875,4777.693269630995,0.015285563641222896,-0.05232614097573512,-108.88722483177118
2.3597565079565744e-6,224.70078953003414,3503.7652413087717,0.02753341095718197,-0.00949788381543853,3.070470921306717e-6,365.25425977330804,3624.4328888631953,0.031442721537533094,-0.004878606585808453,2.2859284440053844e-6,723.1883387772856,244.5446984647783,0.10918052510252421,-0.018897915248182975,0.0006771091811273168,4288.043153086111,4779.832327955127,0.01588456162605924,-0.05173909675512804,-108.80730393835542
2.353318158256564e-6,224.70078939458375,3503.7652430792973,0.02705017215681859,-0.00945104920541536,3.0656409708613775e-6,365.25411680454005,3624.4352998005984,0.031073780083643827,-0.004828883925686025,2.3550569789210925e-6,723.5713320973747,241.27599022600802,0.10789041220501991,-0.018982996184541214,0.0006826730707260932,4287.168507152289,4781.390330251477,0.01653128978298297,-0.05117245350157881,-108.74172807840438
2.347125247308519e-6,224.70078926500688,3503.765244838628,0.026537864962839493,-0.009308948207313152,3.060892978004802e-6,365.2539590791303,3624.4379950881807,0.030688760163733637,-0.004700442746418458,2.4091461748268083e-6,723.9545282469003,238.05757050501705,0.10677982919263829,-0.018893919161377264,0.0006885943473553525,4286.215891840577,4782.411861324308,0.017234971480571983,-0.050630286662090324,-108.68858713815293
2.3410816673311048e-6,224.70078914331464,3503.7652465400784,0.02599227556399796,-0.009084151733676393,3.056187663090588e-6,365.2537800420566,3624.441077764954,0.030283235766346606,-0.004502550788307661,2.4484709325911955e-6,724.3379273332788,234.91399449491738,0.1058425956834254,-0.018694229213196994,0.0006949167416093623,4285.139423149649,4782.975072932295,0.0180109251330347,-0.050111686514853544,-108.64476716177683
2.3350257565721974e-6,224.7007890308384,3503.7652481413115,0.025407155906139737,-0.00879868426794233,3.0514433007750174e-6,365.25357015819026,3624.444696360084,0.029850668482398795,-0.004252010336918058,2.4748401581673676e-6,724.7215294639843,231.8764669718526,0.10506315144183687,-0.01847823890744981,0.000701690545668358,4283.888358542776,4783.216872841383,0.01887140645566986,-0.04961198236988719,-108.60608612013269
2.3287948922072945e-6,224.7007889281705,3503.765249610414,0.024776035357771238,-0.008472618824334916,3.046569017411706e-6,365.25331613393644,3624.449055385136,0.029384417055970707,-0.003964101273501749,2.490674170593169e-6,725.1053347465456,228.97544867909014,0.10443124100208713,-0.018342864251399957,0.000708997838016215,4282.4202844394695,4783.27194955108,0.01983185557537975,-0.049121856183150236,-108.56749458315484
2.3222722244429866e-6,224.70078883583741,3503.7652509130035,0.024095360347398866,-0.008123378476060863,3.0414716690373233e-6,365.2529993157092,3624.4544395102557,0.028879989457209033,-0.0036520718148702618,2.4992981929302147e-6,725.4893432885507,226.23829160063937,0.10394174791714933,-0.0183868899630775,0.0007168867682163723,4280.692063674127,4783.25488084839,0.020900527265839665,-0.048637289600716026,-108.52328570638849
2.3153127712231618e-6,224.7007887534572,3503.765252029039,0.02335973108222433,-0.007769799139345138,3.0360347003332832e-6,365.25259310329534,3624.4612527602726,0.02833147448016706,-0.0033302217915272925,2.5047966996398446e-6,725.8735551976444,223.69309428166167,0.10358132498984528,-0.018727043178376566,0.0007254390772252763,4278.661880794877,4783.296569324994,0.02208693428607175,-0.04815040136348455,-108.46725872527546
2.3078469863931907e-6,224.70078868083655,3503.7652529341826,0.022568255153123565,-0.0074231640816832065,3.03015601119904e-6,365.25205887904326,3624.4700798584477,0.027736565513912053,-0.00300675827382278,2.5117061615644935e-6,726.2579705815263,221.36420273918287,0.1033410789384678,-0.019476681395158516,0.0007347014701154619,4276.291421378655,4783.4784757446405,0.02339481921685927,-0.047659833890516486,-108.3927892331551
2.2998753704272155e-6,224.70078861793672,3503.765253603656,0.021719382905304143,-0.007084348859126148,3.0237220305456447e-6,365.25133865840667,3624.4817905877926,0.027092622420125036,-0.0026814271715257286,2.524819048055242e-6,726.6425895479555,219.2646071805165,0.1032045730920897,-0.020740178607580075,0.0007447391034747675,4273.556628564857,4783.805424742246,0.02482920390383088,-0.047169493602716,-108.29277536651945
2.2913830487653075e-6,224.7007885648826,3503.7652540071877,0.02081056170050056,-0.006754012990671874,3.016593261686605e-6,365.2503413256346,3624.4977483376088,0.026396041773806427,-0.0023532011495400232,2.549682567348951e-6,727.0274122047473,217.41527124787007,0.10313146512813587,-0.02265273053615369,0.0007556251101530179,4270.41212743461,4784.29029225526,0.026394554690846925,-0.04668532185127913,-108.15945129933516
2.2824616352588952e-6,224.7007885229547,3503.765254095153,0.019837935741276028,-0.006414478053641389,3.0086021562073753e-6,365.2489170129599,3624.5201757171944,0.02564214443142101,-0.002005675498921345,2.592326127069488e-6,727.4124386597747,215.82746265667393,0.10306035133984784,-0.025334267647935907,0.0007674748270252198,4266.818754868863,4784.818277402856,0.02810372049955714,-0.04622286280981688,-107.98410361425758
2.273235260560156e-6,224.70078849490676,3503.7652537919307,0.018792706229765012,-0.006041668873286217,2.999518078074262e-6,365.24680411718685,3624.5529282023863,0.024821911442877268,-0.0016158098375352692,2.6598944360152736e-6,727.7976690209658,214.52746506091114,0.10287681864275626,-0.028946314677436438,0.0007804585636224438,4262.715089237011,4785.232904345151,0.0299746665329272,-0.045803681577279556,-107.75683722181317
2.263929267105646e-6,224.7007884854199,3503.765252991149,0.017657298479295532,-0.0055950933433343494,2.988996694888215e-6,365.2435105978781,3624.6032020948505,0.023918629309495634,-0.0011450691228650346,2.7618160369682308e-6,728.1831033963082,213.55372938955705,0.10237886548580936,-0.03368308745604124,0.00079488470561207,4258.0483766513125,4785.250516964939,0.032039436585507106,-0.04545786609175002,-107.46687854754325
2.255006424168671e-6,224.70078850209995,3503.7652515485497,0.01640365127509536,-0.00500908732089673,2.976507956291367e-6,365.2380178241389,3624.6858210515843,0.022905549148149972,-0.0005304657166783618,2.9119926990510343e-6,728.5687418938461,212.9698424891702,0.1012108490930709,-0.03976933521228259,0.00081123844155057,4252.8083107328985,4784.369259209898,0.034343507370746845,-0.04523504226416937,-107.1051257140624
2.2474141886802544e-6,224.70078855418882,3503.7652493558107,0.01498182201791678,-0.004185483363269995,2.9611729039098288e-6,365.22790421061757,3624.8360640806886,0.021735749596622694,0.000325590366612454,3.131995106215408e-6,728.9545846216794,212.89506958847218,0.09871527553843487,-0.0474470754517597,0.0008303512039377898,4247.20159489857,4781.74588036515,0.03693390222105312,-0.04521045437295949,-106.67590591079865
2.2434218186798745e-6,224.70078863111743,3503.765246971219,0.013295089079910819,-0.003009449600147753,2.941343968263569e-6,365.20601480821955,3625.160607406914,0.020322923714617927,0.0015529008705695146,3.4524828349274034e-6,729.3406316879671,213.46425730123542,0.09371527792653223,-0.05660413067268434,0.0008539184735424427,4242.642364516988,4776.030221906587,0.03975131358566158,-0.04547655154153598,-106.2569859338951
2.2547367288634065e-6,224.70078847256235,3503.7652529563,0.01154852447684318,-0.002400377367342231,2.921671111621808e-6,365.15449252263954,3626.0185708152867,0.018946317470432104,0.0023886751077871887,3.5556595547381872e-6,729.7268832009247,212.18194427135538,0.08850899945618874,-0.06123103292314775,0.000881291298575621,4253.2495390693675,4770.653961759524,0.04013539289396437,-0.04551553106214737,-106.61151895027992
2.4102520610245463e-6,224.70079394414836,3503.7651703203637,0.016297254407921128,0.016301112929485786,3.003986728444409e-6,365.3346769172347,3623.9786012087548,0.023032853322382047,0.01816347142108876,1.3610434567782842e-6,730.1133392688259,705.2543152520815,0.19887634017902,0.10505273368261958,-0.0009572934917522018,4277.916523636962,3905.0492675388755,0.08680925335029822,0.09967518192123087,-104.78450052376056
2.3743580666321168e-6,224.70079541424423,3503.7651448990982,0.06182138279283463,0.012480524478923396,3.3998307758039566e-6,365.25646827010326,3624.4021577750564,0.06113710213343802,0.013135380897033767,0.0,730.4999999999997,245.95082188798102,0.3432364583504672,0.07395405860822074,-0.0005135535061691776,4333.777363294857,5514.17234649041,0.24964793371564248,-0.1476827279320109,-127.77137836120514
