mu_1,P_1,t01,ecos1,esin1,mu_2,P_2,t02,ecos2,esin2,mu_3,P_3,t03,ecos3,esin3,lprob
2.105667356261016e-6,224.70079443136916,3503.7653660755573,-0.01584026808474339,0.004155614330143977,2.904857895554314e-6,365.2564401394886,3624.402510027553,-0.0036707256278942875,0.002556209652063534,6.921150300531741e-5,1826.2500000000005,713.0943374448109,0.06123655727452466,0.07675964286751538,-162.7975669535737
2.068031466108141e-6,224.7007944275121,3503.7653657103488,-0.009608063881147745,0.005929631265102921,2.955273349713622e-6,365.25643963717886,3624.4025144253933,0.0013388229309084843,0.004081720992754513,7.22346886027154e-5,1835.3218903666532,679.8945888650504,0.0670070624413593,0.07168386791370458,-162.71528146736821
2.0159390054384988e-6,224.7007944308703,3503.765365396032,-0.005772050837704571,0.008085808608162043,2.990054097639448e-6,365.25643919692754,3624.4025184142733,0.004429780674940368,0.005918689897719404,7.44371634803447e-5,1844.438845316372,646.1793473325312,0.06953397048556824,0.06761761131591078,-162.6388301552608
1.9538753949339016e-6,224.70079444310667,3503.765365230688,-0.004843734288857331,0.010256997824128148,3.0034867339912964e-6,365.256438878748,3624.4025218667043,0.005189096633290515,0.007772392386012329,7.550141062761987e-5,1853.6010887073126,611.7876862453898,0.06810236942700365,0.06438899404535836,-162.5736314846641
1.8894448935741975e-6,224.70079446541106,3503.765365223696,-0.006557688634708488,0.012165866055566757,2.9963697988637374e-6,365.2564387124611,3624.4025246626697,0.0038266166935274322,0.009416057809089922,7.566401678032562e-5,1862.8088455096456,576.4981723577117,0.06332560655595511,0.06139559710437777,-162.5210114287802
1.8286755563622635e-6,224.70079449772012,3503.7653653246,-0.010280025621229847,0.013674876885747183,2.973285096000676e-6,365.25643867881666,3624.4025268567166,0.0008491068779334335,0.01073481389295565,7.539280762126756e-5,1872.0623418110797,540.101692339134,0.05636767915680385,0.058121397424781646,-162.47830973113332
1.7746386403346321e-6,224.7007945379075,3503.7653654939163,-0.015438602355694634,0.014740269663062947,2.9388304175451723e-6,365.2564387303556,3624.402528664351,-0.0032855507971660106,0.011690520694104404,7.508722583418255e-5,1881.361804822414,502.3808082006288,0.04827757710182941,0.054299178233203155,-162.44131459162853
1.728507518668649e-6,224.70079458231984,3503.7653657289907,-0.021666877834409806,0.015329831852172977,2.896131051352618e-6,365.2564388120866,3624.4025303959056,-0.008283624997326735,0.012256603189435292,7.499647381131806e-5,1890.7074628831158,463.0377211777213,0.03980240382946293,0.04982810887192897,-162.4061716644205
1.690821499691478e-6,224.70079462539127,3503.765366078012,-0.02883903712903726,0.015381652289651927,2.846385636258496e-6,365.2564388714966,3624.402532372212,-0.014045312272483101,0.012383428248039329,7.527455128157993e-5,1900.09954546693,2321.7003142128215,0.03145022889874355,0.044638118186379715,-162.3700951944359
1.6623111999900538e-6,224.70079466067656,3503.76536661611,-0.03697019612452708,0.01475015420044297,2.789724853087791e-6,365.2564388586782,3624.4025349157832,-0.02058305707528047,0.011955590852276817,7.602025266332457e-5,1909.5382831875065,2286.904314704796,0.023613962746878776,0.038635196177776866,-162.33141506263135
1.6442558512686298e-6,224.70079468695587,3503.765367328149,-0.04561181514717051,0.013215109410241278,2.729734998586423e-6,365.25643870327286,3624.4025385718937,-0.027528851184566803,0.010799501602122955,7.725891138669385e-5,1919.0239078040722,2249.3627883133267,0.016887334225989644,0.03204763493382049,-162.28971230829208
1.6353196948334725e-6,224.700794728246,3503.7653677569456,-0.05222440383510417,0.011118290159424915,2.6848844784115675e-6,365.25643832544597,3624.40254419069,-0.03281397114992711,0.009192328482784663,7.87377170226328e-5,1928.556652227116,2213.4634962888613,0.01243713727433023,0.026591202932859728,-162.2467910649917
1.6300951622940745e-6,224.70079480186467,3503.7653676139475,-0.055543247970722597,0.009356678816714738,2.6636690016917562e-6,365.2564377863481,3624.4025514710115,-0.03541504449410045,0.00784926366691498,8.013359559890625e-5,1938.1367505241087,2183.289364814765,0.010088531949535871,0.023552088389597787,-162.206173775774
1.626022832597237e-6,224.7007948935669,3503.7653671778457,-0.05715803388835805,0.00808351071256262,2.6544093441244964e-6,365.2564372096151,3624.402559357269,-0.036629586302881156,0.0068892905905606795,8.141492535485289e-5,1947.7644379252504,2157.423729588857,0.008614613362356343,0.02224997392353925,-162.17017426222964
1.6226738290858192e-6,224.70079499082146,3503.7653666744964,-0.0582950646223262,0.00715089379835498,2.6483737807065175e-6,365.25643668285875,3624.4025670830224,-0.037456784207319224,0.0061934017430975005,8.26027814534059e-5,1957.4399508292463,2134.2556136477087,0.007275774641795818,0.022039429106090278,-162.13965859639117
1.6197863102557424e-6,224.70079508805435,3503.7653661938916,-0.05951520478364116,0.006465983260420614,2.641669430944687e-6,365.2564362739912,3624.4025740956968,-0.03835415270178097,0.005688060605003307,8.367788763066716e-5,1967.1635268091115,2113.0462375385105,0.0056851704565019125,0.022608152143640283,-162.11471473918203
1.6168694216835834e-6,224.7007951838182,3503.7653657478177,-0.06101666547202452,0.006005730159294492,2.6330573343554263e-6,365.2564360344898,3624.402580001802,-0.039483663731629565,0.005356336194908401,8.460545801704956e-5,1976.935404618004,116.58307846799863,0.003638934215693172,0.023805786818602077,-162.09488277339054
1.6131090708122942e-6,224.70079527763485,3503.7653653217208,-0.0627666250289829,0.005815847548743002,2.622994466358635e-6,365.2564359936721,3624.402584604948,-0.04081979708575751,0.005236055018665125,8.533726205222303e-5,1986.7558241950874,2075.6853114808955,0.001012000004307199,0.025613334116143832,-162.0792249446706
1.6076028402211844e-6,224.70079536875141,3503.7653649024655,-0.06457721594121942,0.005980084143708297,2.6130108029426797e-6,365.256436157172,3624.40258789926,-0.042210702302553346,0.005395213019422679,8.583449527753756e-5,1996.6250266714221,2059.8997222773132,-0.0021921321131371276,0.028161012829138066,-162.06636056960534
1.5995405445572083e-6,224.70079545351493,3503.7653645151104,-0.06615913731871688,0.00662883810311917,2.605166718285293e-6,365.2564365271883,3624.4025898950863,-0.04342370506436852,0.005938051716570814,8.609102801141223e-5,2006.5432543758866,2047.1137658413918,-0.005784023175348774,0.03186153043059766,-162.05445251520632
1.5884536162345602e-6,224.70079552407935,3503.7653642328214,-0.06711555907462723,0.007971321061903796,2.601926082896415e-6,365.25643713857545,3624.40259033981,-0.04414188667339832,0.007030185609202106,8.618130428040441e-5,2016.5107508411263,2039.4589727288599,-0.009146628430337894,0.03762922668497404,-162.04108212863144
1.5752840890209066e-6,224.70079556460527,3503.7653642189234,-0.06694329196372355,0.010222883075873063,2.6060811179530433e-6,365.2564380447095,3624.4025888093397,-0.04396397977568107,0.008840429501921208,8.635154008646039e-5,2026.5277608095355,2039.9816787595275,-0.010855181337258652,0.0468040386702465,-162.0229756325005
1.5651920713834156e-6,224.7007955516293,3503.76536478714,-0.06570250232220305,0.012812170095391522,2.6166071284308858e-6,365.25643905077607,3624.4025864886903,-0.04293343884676679,0.010915681334596897,8.70743649064198e-5,2036.5945302392663,2045.9467589494934,-0.009280718779165472,0.05845989558210123,-161.99683007937165
1.561944184545626e-6,224.70079548576,3503.7653660323617,-0.06447671742010944,0.01442898220822125,2.6263895378924687e-6,365.2564397427442,3624.4025859923954,-0.04191190873420664,0.012224876575345283,8.85517725765768e-5,2046.7113063102615,2046.2942064511303,-0.0053036493901847895,0.06805816960680963,-161.96332271757575
1.5628740546087024e-6,224.70079538917574,3503.7653676905184,-0.06360576150816669,0.015032250848450428,2.633549957056966e-6,365.25644013641477,3624.4025871834224,-0.041173321769054756,0.012738344837003123,9.056152206506241e-5,2056.8783374303353,2039.1722829991304,-0.0004080893028733868,0.07457502077488262,-161.92633899008797
1.5661037507604323e-6,224.70079527519135,3503.7653695617214,-0.06287232544463969,0.01505459612064529,2.6396297150981724e-6,365.2564403672605,3624.4025892144737,-0.040544509110300046,0.012796590336745454,9.298475171459609e-5,2067.095873241265,2027.447464019203,0.005108877524050602,0.07904441722610556,-161.88877872094076
1.5712138348599367e-6,224.7007951494577,3503.7653715463157,-0.06208773430964158,0.014786463861712446,2.6458331007319533e-6,365.2564405165796,3624.4025915920415,-0.03987407303824511,0.01262744974570892,9.584627259161789e-5,2077.364164624923,2013.2131461975237,0.011390963795833611,0.08224022855110043,-161.852182079249
1.5782745269962165e-6,224.70079501469195,3503.765373586983,-0.06114274810968287,0.014388919100863363,2.652795521445594e-6,365.256440626726,3624.402594069751,-0.039074212986724144,0.012357121910797627,9.925342742645586e-5,2087.683463709435,1997.5802254160951,0.018624355333172513,0.08452556572991765,-161.8173811092587
1.7677960421089476e-6,224.70079503725697,3503.765377684888,-0.04607101371633961,-0.024039173136096416,2.7837959904173374e-6,365.2564392102927,3624.402588873979,-0.026966657446799346,-0.017769989171052648,6.971960620208843e-5,2098.054023875374,1406.3524308223887,-0.005079973874306115,-0.1753733115770503,-161.78470788061045
1.7828242016034183e-6,224.70079521660608,3503.765375738417,-0.042267209551480917,-0.023558761238476614,2.8088339424317647e-6,365.25644039855894,3624.4025802653982,-0.023901974360109372,-0.017330696475022063,7.203345996558169e-5,2108.4760997619783,1353.0924696169777,0.015446323233870443,-0.18639084447647444,-161.71440251519002
1.797210705853197e-6,224.70079543060893,3503.7653734355554,-0.03913317481485935,-0.023116247055007297,2.8300401696270555e-6,365.25644112463686,3624.402575718924,-0.021355835366297427,-0.016933675501934323,7.614040480409689e-5,2118.949947273408,1305.5770052172234,0.03806978807402408,-0.19103267660744558,-161.6544764117128
1.8135727223855199e-6,224.7007956692727,3503.765370842237,-0.036207218993681504,-0.022757852554402488,2.8498898928146003e-6,365.2564414685012,3624.4025745464555,-0.018967497473287926,-0.016614995333489133,8.21966822272303e-5,2129.4758235850236,1262.2796245787968,0.06220826175255617,-0.1899184729670884,-161.6105615940372
1.833472345781841e-6,224.70079593065688,3503.7653679360983,-0.03324411791828209,-0.02246272971444968,2.8696564087490483e-6,365.2564414243817,3624.4025767718035,-0.016543413221601442,-0.016360010895598933,9.036737523857026e-5,2140.053987149706,1222.625717671832,0.08645269759579369,-0.1838256672240966,-161.5887889993803
1.8574911882003356e-6,224.70079620961823,3503.7653647744346,-0.030234767905578042,-0.022175735943759614,2.8892105787619784e-6,365.2564408883354,3624.4025831979166,-0.014072827821758817,-0.016129154683166308,0.00010040591063427788,2150.6846977041973,1186.5048677075117,0.1084999011961797,-0.17431231274167858,-161.59755454434676
1.885056403615734e-6,224.70079647384475,3503.7653618432378,-0.02746548561076396,-0.021837163959634576,2.906391300256165e-6,365.2564396543204,3624.4025953383684,-0.011774545541528675,-0.01588133730305208,0.0001104981716965,2161.3682162754826,1154.092271911257,0.12491282111461495,-0.16440742904969155,-161.64978444344257
1.91067481748329e-6,224.7007966093673,3503.7653608819164,-0.025911297212484172,-0.02142049687046506,2.914435614829887e-6,365.25643749557116,3624.402614644919,-0.01041230795566578,-0.015600295066253923,0.00011456285364918283,2172.104805187197,1126.5615484951174,0.12915845413537694,-0.15989999961896087,-161.76137310878457
1.7669682810916422e-6,224.70079410440596,3503.7653848785562,-0.052249820689328,0.013156815858391947,2.7113580508361287e-6,365.25643776627925,3624.4026427089366,-0.031279527915457996,0.01164759577977134,0.0001563688602323238,2182.89472806607,1824.490305922722,0.09408604966310871,0.07799299635243498,-161.9160047307237
1.8289255747040754e-6,224.7007961901229,3503.7653671822723,-0.03926397213191889,-0.013642238978711769,2.8027183834089206e-6,365.2564329492948,3624.4026696821247,-0.020611159478570975,-0.009381190769995905,0.0001490254835682684,2193.7382498483885,1410.8295813431562,0.07596745768286506,-0.04388648810348597,-161.92274551781745
1.839358302092657e-6,224.70079629181294,3503.7653643384665,-0.03364709337769476,-0.011567278801819644,2.835482225288298e-6,365.2564352191537,3624.402655589519,-0.01615984294229317,-0.007593540174097611,0.00017759511043009287,2204.635636786517,1387.329569630971,0.10006513620319123,-0.038353407597003855,-161.83304921356134
1.831067423221845e-6,224.70079622133605,3503.76536489571,-0.03138795577429921,-0.00959145227843807,2.8528300672525072e-6,365.25643750561784,3624.4026408226055,-0.014419865861918886,-0.005934590944377598,0.00018704964998383653,2215.5871564554245,1361.5989787928272,0.10572056238171111,-0.036081218513089444,-161.7636593339457
1.8225416414512067e-6,224.70079608833228,3503.7653671164303,-0.030973492213804552,-0.007999558758903878,2.8598138203088687e-6,365.25643925466557,3624.402630012692,-0.014144064085076282,-0.00463582446471715,0.0001841242165898659,2226.593077759259,1334.7445709222586,0.10267506069175075,-0.035671557076595944,-161.73546892275843
1.8191181322090153e-6,224.70079595538007,3503.7653696636103,-0.03128383581632116,-0.006671637853335075,2.8616149372304524e-6,365.25644050909443,3624.4026230930253,-0.014431161819868612,-0.003577176584848712,0.00017739752032793713,2237.653670937947,1307.3631185732318,0.09673930747528846,-0.03598766767208229,-161.7401568882886
1.8205453525383173e-6,224.70079583820416,3503.765372072245,-0.03182428872274709,-0.005498032269513839,2.8610353984474647e-6,365.25644143283915,3624.4026188888793,-0.014889729560488838,-0.002655355877187734,0.00017055708389938917,2248.7692075738332,1279.7564855364608,0.09027835766339126,-0.036497469008615904,-161.76677362179808
1.8257422604246387e-6,224.70079573652907,3503.7653742503426,-0.03240345097411649,-0.004421368635167246,2.8593826529966087e-6,365.2564421428035,3624.402616507897,-0.015370709443696659,-0.0018177246649238692,0.0001646225031922587,2259.9399605983444,1252.1272289949438,0.08411071595296005,-0.03698282956649019,-161.80841521867063
1.833821671938965e-6,224.70079564669035,3503.765376211545,-0.03294167256599277,-0.00340460128541292,2.857313249680846e-6,365.256442707938,3624.4026153943514,-0.015812998285038963,-0.0010319992313918332,0.0001597189810402474,2271.166204298695,1224.674264867199,0.07847831050325137,-0.03732380129990379,-161.86125227468023
1.8441333891910967e-6,224.70079556499255,3503.765377996257,-0.03341101350968749,-0.002420881827819588,2.8551407807008907e-6,365.2564431660457,3624.4026152162464,-0.016195792489241613,-0.00027583006281594295,0.00015567147011216048,2282.4482143246196,1197.6096426017816,0.07335552385658035,-0.037444128253244814,-161.92304957705184
1.8562039777982322e-6,224.70079548865675,3503.765379637382,-0.033798249559155676,-0.001444524202041421,2.853058701278183e-6,365.2564435407494,3624.4026157377,-0.016509400727105536,0.00047171023255230925,0.00015226213530823704,2293.786267695141,1171.2129570070786,0.0686335357251646,-0.03725553666708915,-161.9922102223037
1.8696653618113662e-6,224.7007954154007,3503.765381163707,-0.034100282854264384,-0.0004462183098704093,2.8511669489705065e-6,365.2564438497164,3624.402616753674,-0.016752051196275684,0.0012343770858676169,0.00014928570515859734,2305.180642805374,1145.8170278580258,0.06416605934096532,-0.03665039116846391,-162.06720046311432
1.8842211823091455e-6,224.70079534390396,3503.765382589069,-0.03431091450550861,0.0006051001472638685,2.8495675281676004e-6,365.25644411049166,3624.402618048563,-0.016919424968342697,0.002037633428763005,0.00014657888547525545,2316.631619433361,1121.8493643696106,0.05981122652208159,-0.0354903779141523,-162.14618728088982
1.8996993784700093e-6,224.7007952737659,3503.7653839113705,-0.034417869880923574,0.0017419713249170314,2.8483791232405856e-6,365.2564443411437,3624.4026193871496,-0.017002149824380832,0.002908567914759318,0.00014404844067116487,2328.139478746938,1099.8021970700524,0.05547791658626515,-0.033598122808682164,-162.22681575860335
1.9159390943905464e-6,224.70079520444034,3503.7653851255614,-0.034404960338727156,0.002991912332313076,2.8477346043662118e-6,365.2564445643007,3624.4026205006376,-0.016988260573206175,0.0038710056822764925,0.00014169951265429552,2339.704503310646,1080.2335592279178,0.05117290351932778,-0.030763671493408425,-162.30612429364666
1.9329785713627912e-6,224.70079513645365,3503.765386207523,-0.03424131396271143,0.0043726894488175716,2.8478385568191433e-6,365.2564448016238,3624.402621128124,-0.016853831670573298,0.004941537237329214,0.00013965561198990009,2351.326977092657,1063.617632752231,0.047067614438272815,-0.02678530725897103,-162.38063895702638
1.9509789020936145e-6,224.70079507051597,3503.7653871243215,-0.033884627342829036,0.0058800037034645826,2.848951393361592e-6,365.25644507522424,3624.4026210242087,-0.016566055841766052,0.006119731195244634,0.00013820306510911582,2363.0071854717603,1050.1361816148167,0.043579245065761545,-0.021551689468096234,-162.4467042858118
1.9701772394083507e-6,224.70079500809553,3503.7653878369006,-0.03330412431862128,0.007486081970897506,2.8512532751158137e-6,365.2564453999319,3624.4026200282824,-0.016101392828021987,0.007385983369875716,0.00013769207339230818,2374.745415244361,1039.3105470815049,0.04127220927318155,-0.0152032955014374,-162.50107159768905
1.990709816253343e-6,224.7007949513107,3503.7653883097787,-0.032500401036918425,0.009147879340114797,2.8547280754590964e-6,365.25644578318014,3624.4026180773885,-0.01546149566391704,0.008707189519385782,0.0001384216204699657,2386.5419546315247,1029.845618338882,0.04063345788387464,-0.008210567210128436,-162.54162300304645
2.298884997141096e-6,224.70079509704087,3503.7653913720897,0.025535556483420044,0.0007698560891784425,3.19603970051209e-6,365.25644697156014,3624.4026003054523,0.030500454597169442,0.0016350051165399308,4.7419552841257354e-8,2398.3970932860543,316126.00390396133,-39.5305943583262,412.04049030702635,-162.55486273882678
2.315270955233363e-6,224.70079505887347,3503.765391922963,0.025044812311254876,0.0004068902075866563,3.1921590352263707e-6,365.25644642616055,3624.402603454776,0.030170461755115976,0.0013723730155467207,3.021781388987881e-7,2410.311122299601,52256.24901051165,-0.2802420592517702,66.0679979697765,-162.50209108906623
2.3303486786261066e-6,224.70079507436537,3503.7653919175295,0.024298477758788406,0.00025991883859828536,3.1861997953646344e-6,365.25644596662016,3624.40260597249,0.02963831732267263,0.0012774642423938256,8.183684855843818e-8,2422.284334209813,193354.66205254942,13.511739836257405,248.74454702087291,-162.4313091499857
2.3428074454451608e-6,224.70079511394883,3503.7653916315844,0.023243224146462658,0.00019810345784764387,3.17799828056094e-6,365.25644555260936,3624.4026082159107,0.028859498338638528,0.0012495543810870462,5.8060770732512e-8,2434.3170230075198,277944.44011084083,34.888355086214354,356.6949733802849,-162.35643194493363
2.35452576052673e-6,224.70079517188086,3503.7653910937,0.022095646257277834,0.0001719685135418872,3.1690018808520047e-6,365.25644518676353,3624.4026100689807,0.02800541942169228,0.0012480369296553192,4.303993606749723e-8,2446.409484143947,382465.29675625055,64.15987826702775,489.1724441284502,-162.28141251494276
2.366350284633343e-6,224.7007952450218,3503.7653903316186,0.020917307212030365,0.00015593996407647833,3.1596655705965948e-6,365.25644484719913,3624.402611728009,0.02712701088383931,0.0012527409162219813,4.569374535788294e-8,2458.5620145379744,367659.5596502935,73.51125649177436,467.8578926104125,-162.209614432645
2.3786462591469765e-6,224.70079533015863,3503.7653893869874,0.019722720992291085,0.00013144525733954754,3.1501135201708902e-6,365.25644451519895,3624.402613339422,0.026236580846436923,0.0012486727529997413,4.218439579700794e-8,2470.7749125834257,405930.9219085778,91.52087342115611,514.2322506181633,-162.14280939287377
2.391610334743167e-6,224.70079542587567,3503.765388275117,0.018521208987010748,8.15649340832742e-5,3.1404343386635727e-6,365.256444174294,3624.4026150122913,0.02534243252361901,0.0012218846766802807,6.325134948997829e-8,2483.0484781563937,276254.8253041162,68.36572668917599,347.64841256145314,-162.08230431134405
2.4053793280709206e-6,224.7007955313305,3503.7653870070476,0.017324513027937315,2.9754808933858703e-6,3.1307108365897233e-6,365.2564438241233,3624.402616725129,0.02445400213390205,0.001169565877357529,4.759799695555177e-8,2495.383012622605,373052.475514154,100.03923275686743,467.8215367908253,-162.02821725951557
2.4197406595787985e-6,224.70079564549934,3503.76538559473,0.01613207322249772,-0.00010850168112199206,3.1209733001275847e-6,365.2564434635578,3624.4026184789404,0.023570997890234185,0.0010884796373609683,5.7747809171162526e-8,2507.7788188448194,312733.5082853291,90.25859407380344,389.9722835796587,-161.98105888575174
2.4346175639844927e-6,224.70079576788592,3503.7653840428575,0.014959778405962817,-0.0002638891553936024,3.1113316950940957e-6,365.2564431038203,3624.402620165337,0.022705481968015407,0.0009700767759829986,5.010984806413502e-8,2520.2362011902696,365521.57805560855,113.43190251975179,453.8743116739563,-161.94030312857376
2.4496421210838982e-6,224.7007958979321,3503.7653823560313,0.013808126741003932,-0.0004719085321264212,3.101816461252302e-6,365.2564427561193,3624.40262167172,0.021857264972574706,0.0008077063734065325,5.3813985741685084e-8,2532.755465538123,344899.6127491288,115.40127350278058,426.07772180361593,-161.90555557941562
2.4647109316015313e-6,224.7007960352609,3503.765380536337,0.012711759518649108,-0.0007389853717017226,3.09266797432924e-6,365.2564424395074,3624.4026228361963,0.021053069092808057,0.0005967813685821793,4.169186345974713e-8,2545.3369192870086,449699.80794815655,163.10409552538133,553.3467027811153,-161.87576598695892
2.479027694827401e-6,224.70079617936852,3503.7653785868674,0.011654522032893659,-0.001093229268322712,3.083829986852247e-6,365.25644217374816,3624.402623468286,0.020278879024959704,0.0003156465389505678,6.006544294900968e-8,2557.980871362554,315167.2177119802,124.84787024133239,385.408104292939,-161.85002489139706
2.4925203990211884e-6,224.7007963306448,3503.765376499841,0.010706042096812992,-0.0015556303571998475,3.0757765013017416e-6,365.2564419918968,3624.4026232937413,0.019588965062962416,-5.134379952613451e-5,4.7315491276779376e-8,2570.6876322249745,401772.10622230277,176.04110434247488,489.36222057491347,-161.8264496088047
2.503932799028221e-6,224.70079648891746,3503.7653742703587,0.00987550533967457,-0.002178390654296488,3.068672020189773e-6,365.25644193286314,3624.402621960552,0.018988806957877292,-0.0005440875836852274,3.701843887794839e-8,2583.457513876695,513236.9992297041,252.78143594333002,622.506512424361,-161.80340078285863
2.5111295605538677e-6,224.7007966547354,3503.765371879654,0.009212056204697054,-0.003049815158212215,3.0630360173299835e-6,365.2564420681996,3624.402618806839,0.0185144119278283,-0.001230278227460628,4.189972985359109e-8,2596.2908298700117,449664.94115326187,255.86471131963006,542.5162122062044,-161.77866091519354
2.50697788855223e-6,224.70079682896903,3503.765369264712,0.008906176825164194,-0.00443993312143664,3.0608274596321053e-6,365.2564426126762,3624.4026117985068,0.018307487696398363,-0.0023171051091551566,3.620990218850623e-8,2609.18789531479,503831.66617970663,353.8990299301694,605.049754229783,-161.7485925958287
2.334900966785401e-6,224.7007970862164,3503.765365221996,0.01728523836212295,-0.010389458170736937,3.139525191137441e-6,365.2564484490574,3624.4025618714586,0.024872452648645623,-0.0068955598789397525,2.468936898761204e-8,2622.1490268862026,396660.42031613237,958.9474012157501,473.42233590437525,-161.66331678830537
2.331811488038807e-6,224.70079726597245,3503.7653624835984,0.020044336429883174,-0.01199498298197064,3.1603254830073762e-6,365.2564500617699,3624.4025497628013,0.02709020313839135,-0.008139081208689666,2.257619251370277e-8,2635.174542832506,386479.68111418514,1110.7981520727435,458.9473842738217,-161.5662536817178
2.3299277850598207e-6,224.70079744634435,3503.76535961638,0.022627436993035828,-0.013452228718825213,3.179949797623983e-6,365.2564516111398,3624.4025379791465,0.02916659319290612,-0.009270660446087058,2.444396590503254e-8,2648.2647629828525,318880.35535540764,1073.6716302674085,376.49464690763824,-161.47137548659308
2.3263479600708628e-6,224.70079762971244,3503.765356606329,0.0251577383005483,-0.014762223775780608,3.1997141458861883e-6,365.25645313534585,3624.40252626346,0.031200354048345025,-0.010290764719717106,2.5961806717560602e-8,2661.4200087551453,263805.3225879605,1051.3603344175388,309.63112813826723,-161.37998978760578
2.318582866400678e-6,224.70079781596627,3503.765353467059,0.027640450086249928,-0.01586287551483786,3.220033560202818e-6,365.2564546382607,3624.402514623317,0.03319614248516859,-0.011150039153131704,2.7584597923189553e-8,2674.64060316393,211042.61995652417,1024.5900696787428,246.13497895973563,-161.29215089385184
2.30316505424125e-6,224.70079801072106,3503.765350126788,0.030174043165050513,-0.01663510632290267,3.242202639559105e-6,365.2564561487012,3624.4025028501064,0.035233226627874224,-0.011755398328368735,3.456113742120089e-8,2687.9268708283244,132616.0014895391,844.5919142094776,153.2603269459157,-161.2067531152818
2.8277747111499364e-6,224.7007965830707,3503.765352091872,0.047845842899061464,0.014906966824176238,3.3103079553581184e-6,365.2564574328921,3624.4024909603622,0.048581826844055716,0.014186406483874842,0.00010838627099609803,2701.2791379799955,858.3966185979308,0.04684625663416463,0.2171471114823546,-161.06860336375047
2.823878240681885e-6,224.70079687999254,3503.7653477488657,0.048324408310979665,0.015993361271097968,3.3184186157233904e-6,365.2564568407328,3624.402491741345,0.04908924062046195,0.015098699413376026,0.00010996559937213135,2714.697732471155,848.9062254274917,0.05121158623482137,0.22582814936426537,-160.88342020772586
2.814747819389649e-6,224.7007972230826,3503.765342833642,0.048343912522608314,0.017289145739861057,3.3234443094918703e-6,365.2564563838436,3624.4024913880176,0.049228212211527324,0.016172099481654736,0.00011220271955695769,2728.1829837826285,836.6094981399962,0.05634496655758791,0.23275717168794985,-160.69661190385
2.8008471537396946e-6,224.70079760655943,3503.7653374145293,0.047975053837196295,0.018756852229168237,3.325825052430639e-6,365.25645606900633,3624.4024898925973,0.04905297908435833,0.017375721834513483,0.00011496345676331862,2741.735223031934,821.6274920049126,0.061929530773135046,0.23802822101591664,-160.51242986912473
2.783007492122797e-6,224.70079802409504,3503.765331580986,0.04727835189650826,0.020351910482872514,3.325913607480521e-6,365.2564558857136,3624.4024874030583,0.04861108864550351,0.01867262875491847,0.00011806843560462427,2755.3547829814124,804.3265303606927,0.06761493108852569,0.24193566405813752,-160.33502692353287
2.76272959285529e-6,224.7007984684062,3503.7653254357797,0.04633522223885106,0.022030124806568855,3.32415211121106e-6,365.25645581903564,3624.402484110503,0.04796691135794079,0.020026112125934227,0.00012129213814615154,2769.041998046403,785.2028366074439,0.0730483386000377,0.24492591494022412,-160.1682359581286
2.7420815219382857e-6,224.70079893099197,3503.7653191020418,0.0452329100372874,0.02373721158862996,3.3209415396055183e-6,365.2564558518924,3624.4024802214612,0.04718974002192384,0.021391058178229366,0.00012435013008628827,2782.797204303451,764.9317621602848,0.07794236086980841,0.2475909149792653,-160.0153906116952
2.724472491641676e-6,224.70079940221157,3503.7653127187823,0.044102981374965336,0.02541998714574149,3.316860249471612e-6,365.2564559628776,3624.402475984415,0.04638481822082082,0.02272232835568618,0.00012681527958723136,2796.6207394985604,744.417732327793,0.08193561912041547,0.25080529270640445,-159.8791506029228
2.7139973840228483e-6,224.7007998713779,3503.7653064403053,0.043085255865136805,0.027014593988336857,3.3124310307015313e-6,365.25645613187675,3624.4024716240515,0.04566429641543825,0.023966020697796492,0.00012817371079965685,2810.512943055487,724.878550769635,0.08474892482617628,0.2556571234616893,-159.761294023154
2.7160639445012176e-6,224.70080032782369,3503.765300427267,0.04234429284709763,0.02845469602344626,3.3081951998517895e-6,365.2564563385675,3624.402467361978,0.04516135763168303,0.02506489526714537,0.00012774686892044938,2824.4741560840744,708.1041376790574,0.08605484856712924,0.2637362306122928,-159.6624344003855
2.7366039045237907e-6,224.70080076377596,3503.7652948127507,0.04201720982640545,0.029661414162554012,3.304412215460155e-6,365.25645657112455,3624.4024633304894,0.04498929897571138,0.02595129825836517,0.00012482231149313347,2838.5047213886264,696.7655417192851,0.08561885639431091,0.27724525823392837,-159.5816175503371
6.014884567456579e-7,224.70079899567742,3503.7653320860068,-0.06137322264611895,0.011092450222049773,2.875215567267335e-6,365.2564693388837,3624.4023563292944,-0.04074612405891406,0.009969644409449124,0.0002737981701069356,2852.604983476327,1364.9268744734115,0.28704437291580925,-0.026779234663189332,-159.51025919406362
3.146821306969983e-7,224.7007989900036,3503.765333175663,-0.06228009757323154,0.004341148288428647,2.9056912965808335e-6,365.25647025237816,3624.4023452159245,-0.042664153403002635,0.0043419965320517125,0.00036022291784864555,2866.7752885656982,1339.9288856442292,0.25922934475626763,-0.021911401350768852,-159.31482715587404
-7.769837463327512e-8,224.70079900180073,3503.765334485119,-0.062018293620815686,-0.0012338393400414514,2.9536699253308183e-6,365.2564710252677,3624.4023360138935,-0.04418542187772467,-0.00046797309384720556,0.00048401557623118556,2881.015984595101,1313.9485310168834,0.2371215712709228,-0.01866860029402144,-159.13427125136974
3.3638009256961706e-6,224.70080283382902,3503.7652756736916,0.03570583412482362,0.017490844146978858,3.171333294623647e-6,365.2564592005208,3624.40244455786,0.040945465884232736,0.015286971441831273,4.51758070291908e-5,2895.3274212312826,1347.5896871261527,0.2436168685667466,0.9292110542480195,-159.25817599701378
3.425826766783731e-6,224.7008033401688,3503.765268581815,0.0349607587320804,0.014197177054968733,3.157161143217152e-6,365.2564615646524,3624.4024242555197,0.04046403871037866,0.012636503715238962,4.130702687629041e-5,2909.709949877948,4362.069479798551,0.34679335877978085,1.0357808597552665,-159.0704104595094
3.4585810552012294e-6,224.70080385805412,3503.7652607701903,0.03481010750541141,0.012418965751172616,3.1518167976443294e-6,365.2564639973829,3624.402402564036,0.04042542615396806,0.011225932310516688,4.257667364894868e-5,2924.16392368441,1431.6499863297274,0.4080997534665804,1.0186933432573237,-158.8828407490875
3.4717783799284565e-6,224.70080441091014,3503.7652523256115,0.034240875839972124,0.011236401667741485,3.1456917528363527e-6,365.25646652388644,3624.402379886379,0.040048527199907535,0.01029912266377768,4.700137888246593e-5,2938.6896975542445,1342.127157877947,0.4400003836757361,0.9313908817296771,-158.70208819910667
3.4633955444035033e-6,224.70080502927306,3503.765242989314,0.03260663334382538,0.010473233807786395,3.133771692355165e-6,365.25646920113184,3624.4023559967354,0.038829795345138855,0.009709566919051654,5.51797593244973e-5,2953.287628154011,1206.9375026697548,0.4463397596624281,0.7965913411491646,-158.53155015380568
3.426634439034787e-6,224.7008057776081,3503.7652320615607,0.028826411707421565,0.010178624338232578,3.1082258624498627e-6,365.2564721668627,3624.4023300192594,0.035924386511069654,0.009491517598794812,6.987794182005402e-5,2967.958073922008,1039.9701542221505,0.42829562874519433,0.6272721672415821,-158.37292131185166
3.353962211288831e-6,224.70080677798455,3503.7652181853855,0.0205330153631196,0.010479824908015844,3.0511421315338035e-6,365.25647570393295,3624.402300012227,0.029477576139951524,0.009734253344589645,9.92953813417112e-5,2982.7013950770756,3838.9172770444793,0.38555870080002663,0.43607916968041655,-158.22588476522978
3.2919270080989583e-6,224.70080784644784,3503.765203524867,0.00912345641313742,0.010949310553195608,2.9675121336594772e-6,365.25647950160067,3624.402268213465,0.02055861131748285,0.010077728175368708,0.0001458977433824397,2997.517953627439,718.1419437016809,0.339378027924233,0.29215243246698724,-158.08959774338595
3.2818458570121154e-6,224.7008082682424,3503.765196255233,0.0070591742874867806,0.01143713442298894,2.951230549728002e-6,365.2564821448546,3624.4022449538934,0.01890285228542518,0.010439813624440545,0.00016229729096630478,3012.4081133795985,670.2932878713443,0.33026741993541475,0.262007041993037,-157.9734637886251
3.2750520483187524e-6,224.70080838555324,3503.7651925919163,0.00868756060784683,0.011804626265504837,2.9641710910604208e-6,365.2564840819746,3624.402227101269,0.020118571770339794,0.010717020657471725,0.00016194245438609132,3027.3722399472613,3672.99352195501,0.3343149987317344,0.2624598951146054,-157.88263074039642
3.26767779289606e-6,224.70080835439188,3503.765190783257,0.011441421087337929,0.01181678218375681,2.9863842665562514e-6,365.2564854962299,3624.402213253602,0.022212520921583028,0.010717240535797307,0.00015559065210649792,3042.41070076032,629.5878460759568,0.34394500197149186,0.2723406471503187,-157.81377116797856
3.261825174994447e-6,224.70080822383667,3503.765190262624,0.014828484513025698,0.011323589668743615,3.0136513171655974e-6,365.25648643765874,3624.4022029249763,0.024809898351881746,0.010319259675367485,0.000146178010603137,3057.5238650738747,3678.004205540601,0.358584605386418,0.2878873346518621,-157.7611785281776
3.2592655845103627e-6,224.70080802431235,3503.7651906574974,0.018728036948123007,0.010224326170716511,3.0448018435142177e-6,365.2564869431922,3624.402195698814,0.02782474852817287,0.009441560179115406,0.0001350545201039638,3072.7121039772965,618.5194411810071,0.3790675613322177,0.3080909378846351,-157.718134490814
3.259101933972408e-6,224.70080779525176,3503.765191459594,0.022869780128557168,0.008546633339175332,3.0778186714670833e-6,365.2564870943674,3624.402190824202,0.031050095123546288,0.008103949900520518,0.00012399906891124798,3087.9757904033436,622.0362311852621,0.40522968240607155,0.33011774167927205,-157.6774532378669
3.3815828768912134e-6,224.70080804296373,3503.765188680938,0.0365081455753233,-0.018201246102854052,3.151586600866997e-6,365.25648820559616,3624.402159683517,0.04233339303685295,-0.0160540266954966,7.313692671364764e-8,3103.3152991373186,-541684.0890916222,-454.355760362188,-550.2485147755046,-157.48451610302516
3.4284086047994872e-6,224.70080791982238,3503.7651868566213,0.040364196451179654,-0.02171507090786418,3.1748089835710406e-6,365.2564882109567,3624.402149679749,0.045360901058702476,-0.018850703428706227,1.0054076412111121e-7,3118.7310068262605,-392604.5058809283,-360.35234146027045,-397.3614338940854,-157.01988126341132
3.4711939785799053e-6,224.70080781205007,3503.7651846483177,0.044231631857113804,-0.024568874821978993,3.1993500157991386e-6,365.2564880524751,3624.4021403096135,0.0484045195491629,-0.02111682527885822,9.284943504969862e-9,3134.2232919882085,-4.270233542175443e6,-4209.0857091720745,-4282.145906823006,-156.51782925330238
3.50711407662253e-6,224.7008077200982,3503.7651821000595,0.04784804831355041,-0.026742102907227762,3.2234499378643553e-6,365.2564877973846,3624.402131222807,0.051256618809783806,-0.022836244358294015,9.305364584763755e-9,3149.7925350214878,-4.278203664564196e6,-4480.3058282772745,-4268.927791805734,-155.98062375350236
3.5370278462348117e-6,224.70080764569096,3503.765179211016,0.051174081161841405,-0.028274390870252818,3.2465683029909934e-6,365.25648748082347,3624.4021222336946,0.05388515017983222,-0.024041387500763088,9.414479025184819e-9,3165.4391182140494,-4.264666528962802e6,-4682.957977916462,-4234.387295671872,-155.40885675912014
3.5611889267560232e-6,224.70080758594494,3503.765176039555,0.054182630279576816,-0.029259636161462935,3.2683031260159448e-6,365.25648712394997,3624.4021132515227,0.05626690637597867,-0.024807503775409294,8.68306869618736e-9,3181.163425752859,-4.683082895747308e6,-5331.468296135052,-4626.661546586449,-154.8045052442826
3.5795772479718913e-6,224.70080753567302,3503.76517267854,0.05684190609186319,-0.029753494912177714,3.2882833658463943e-6,365.2564867397812,3624.402104270653,0.05837511044066707,-0.025179294535689126,8.85590487616191e-9,3196.96584373333,-4.668878111001167e6,-5455.879165211989,-4589.82390045775,-154.16997487654425
3.592381298249058e-6,224.7008074917836,3503.7651691868405,0.05916094248246301,-0.029840982754461436,3.3064219614335053e-6,365.25648633527146,3624.4020953038103,0.06021495075947294,-0.025224887881221566,9.538419592311846e-9,3212.8467601688026,-4.421396945477945e6,-5261.026300738969,-4325.132482897725,-153.5079327105759
3.5998073744033665e-6,224.7008074493668,3503.7651656496164,0.06114500616496479,-0.02957133635037442,3.322643227689721e-6,365.25648591110115,3624.4020864271242,0.06178925799640061,-0.02498374959741929,1.1582344122175408e-8,3228.806565000072,-3.7235985571098104e6,-4480.618528885106,-3624.790182224798,-152.8212894371613
3.6021794268657605e-6,224.70080740554903,3503.765162121691,0.06281575996303097,-0.028999790519092083,3.336997804554616e-6,365.2564854662615,3624.4020777161827,0.06311387929513483,-0.024500160940289246,1.145081937231639e-8,3244.845650104964,-3.859707035956607e6,-4669.7622663641805,-3738.6356160573528,-152.11312456598762
3.5997414981201724e-6,224.70080735955975,3503.7651586355632,0.06418823926759387,-0.028169248773625605,3.3495158920789053e-6,365.2564850053409,3624.4020692088143,0.06419990123413649,-0.023809027040385018,1.2312238678614342e-8,3260.964409307955,-3.6827751129742023e6,-4461.5057943661095,-3549.68463165077,-151.386780073136
3.592899534157387e-6,224.70080730837591,3503.7651552455322,0.06528074437632624,-0.027116193986021,3.360246193123052e-6,365.2564845255853,3624.4020609923614,0.06506104302152098,-0.022939395310491797,1.4719462405237477e-8,3277.1632383898427,-3.1632973020207626e6,-3822.6430423601346,-3034.133777247413,-150.64574783794546
3.581711372623796e-6,224.70080725335754,3503.765151959491,0.06611145421253127,-0.0258653662695907,3.369304712916688e-6,365.2564840356473,3624.402053075991,0.06571157594781109,-0.021912579799295978,1.5021369402512816e-7,3293.442535097466,-316725.7467011768,-382.702357764864,-303.79305819703313,-149.89415814455927
3.5670798269454827e-6,224.70080719430672,3503.7651487901085,0.06671944006870964,-0.024452933046300328,3.376873679168846e-6,365.25648353310595,3624.402045515603,0.06618224854161209,-0.0207577175865444,3.946745747648426e-7,3309.8026991534684,-122681.19328656403,-148.50049988576208,-118.09032733479451,-149.1349230811534
3.5441173718915285e-6,224.70080717091085,3503.7651453463322,0.06728117834882603,-0.022575362689468678,3.385334957891934e-6,365.2564831940953,3624.4020371190536,0.06662560134222423,-0.019268069749139177,5.503161599425607e-6,3326.2441322661152,-7320.271421900278,-10.768663221733775,-8.535516784399244,-148.36959153095492
3.5165643429132417e-6,224.70080723592713,3503.7651409947844,0.06824267138114593,-0.01975649838844463,3.3979492855498066e-6,365.25648324730884,3624.402025767121,0.06740526609507536,-0.017124231868951692,2.2308572956972764e-5,3342.767238139159,-465.62640106905536,-2.6450430355844174,-2.0479601347003054,-147.5720393099674
3.502503944630504e-6,224.700807273817,3503.7651369114883,0.0692213677684526,-0.01690832556063783,3.408256401612023e-6,365.25648325063275,3624.4020142521426,0.06818254420090386,-0.014970620152564973,3.967224654620313e-5,3359.372422481739,519.9298454633296,-1.4788258216198735,-1.1133343708649852,-146.72766314442165
3.498102883632376e-6,224.70080725880075,3503.7651334491156,0.06997225235248535,-0.014293377858793855,3.4148106697488004e-6,365.2564831526243,3624.402003120437,0.0687627289242778,-0.012994158448280453,5.6183771994893434e-5,3376.060093018363,887.182211473999,-1.0366303989903372,-0.761394018676291,-145.83502561107872
3.497563225683229e-6,224.70080718696678,3503.7651307179794,0.07036402731480355,-0.01200747775222758,3.417546625116485e-6,365.2564829571467,3624.4019926347887,0.06904554837312094,-0.011258262399893844,7.139382430627605e-5,3392.8306594989076,1066.5221534269706,-0.8085436800546555,-0.5841285189622984,-144.896955757017
3.49667018838732e-6,224.70080706595488,3503.765128674796,0.07038269374358049,-0.010032336123429311,3.417144878965345e-6,365.25648268597956,3624.401982889705,0.06902393064140752,-0.009744342484627069,8.53436791646929e-5,3409.684533708677,1165.0597858273402,-0.6693686060648865,-0.4802610125563993,-143.91842725206158
3.4931751068752323e-6,224.70080690614608,3503.7651272265275,0.07006767995974418,-0.00832239465076099,3.414384720904021e-6,365.25648236075153,3624.4019738977086,0.06873196597988879,-0.008417088289366938,9.825034271734256e-5,3426.62212947852,1221.9686807510614,-0.5746405336612757,-0.4131758557480374,-142.90490986880783
3.48609891282418e-6,224.70080671583014,3503.76512629545,0.06946651906666872,-0.006826983647896885,3.409871609363038e-6,365.2564819934052,3624.4019656834926,0.06820910701744033,-0.007238930639474974,0.00011035741539309004,3443.6438626949885,1254.8177679047665,-0.5049581085969249,-0.3667278262620943,-141.86161502278856
3.4753657649452686e-6,224.70080650227905,3503.765125806823,0.06863253869204035,-0.0055153386870856035,3.404094242009856e-6,365.2564815919122,3624.4019582479978,0.06749882235284996,-0.006188608043773893,0.00012187669467823981,3460.7501513105476,1272.6969341259583,-0.4507397439709924,-0.3327682329062222,-140.79326883656063
3.4611108878662983e-6,224.70080627033985,3503.7651257120947,0.06760434134438573,-0.0043598509667896,3.3973691438163338e-6,365.2564811588311,3624.4019516135795,0.06663248968516729,-0.005246942440371953,0.00013298491948822777,3477.9414153538414,1280.6399942542662,-0.40668204926552093,-0.30685445993710453,-139.7041029574973
3.443693572004993e-6,224.7008060241427,3503.7651259692766,0.06641414823258772,-0.0033453324006814346,3.389910521017182e-6,365.2564806953459,3624.401945792112,0.06563626474037319,-0.0044043846220787304,0.00014382435653350427,3495.2180769400047,1281.7863915044331,-0.3697036863771947,-0.2863107837412899,-138.59791207782908
3.4235723666534263e-6,224.70080576710438,3503.7651265414083,0.0650942839625603,-0.002460331745327482,3.381919207530201e-6,365.2564802011308,3624.4019407966125,0.0645362789365981,-0.0036539037847198013,0.00015450881146807216,3512.580560281027,1278.1090432939839,-0.3378705563558576,-0.269485252826946,-137.47811918692585
3.401046911666621e-6,224.70080550142296,3503.765127407012,0.06366040713339101,-0.0016947527056065763,3.37347449476853e-6,365.2564796749381,3624.401936642278,0.06334543416724146,-0.0029891926606819847,0.00016514506128150182,3530.02929169617,1270.9132280584763,-0.3098774555230117,-0.2552976103170106,-136.34782910644756
3.376479694980273e-6,224.70080522920773,3503.7651285438114,0.06213065941482168,-0.001043652039047878,3.3646674958502217e-6,365.2564791152979,3624.4019333382985,0.062078569206901205,-0.0024078301423407,0.00017582783772495173,3547.564699622434,1261.1321202009378,-0.2848393722694985,-0.24300103034637768,-135.20986627408317
3.350217323760993e-6,224.70080495212898,3503.765129931963,0.060521951366192595,-0.000499410495582518,3.3555846329977394e-6,365.25647851945246,3624.40193090025,0.06074959797189616,-0.0019048601423755055,0.0001866184729381452,3565.18721462508,1249.3523818832007,-0.26218680430151514,-0.23212835020741526,-134.06679799120352
3.3224818187659116e-6,224.70080467147076,3503.7651315585385,0.058842497057493365,-5.948364485080268e-5,3.346254922209247e-6,365.256477885496,3624.401929335587,0.05936545837357429,-0.0014793299452656315,0.00019760014806054788,3582.897269408202,1236.0658567961625,-0.24144708726415787,-0.22229951780547133,-132.9209456769686
3.293473695877376e-6,224.7008043880231,3503.765133414921,0.05709867848317977,0.00028321497625406994,3.3366988776234745e-6,365.2564772102834,3624.4019286575535,0.0579317141582706,-0.0011264241753613411,0.00020885451723944132,3600.695298825341,1221.6042257305778,-0.2222660600515275,-0.21325305742584416,-131.77438674898536
3.2633790705586653e-6,224.70080410284714,3503.7651354889063,0.05529765630912999,0.000531423916071732,3.3269473407956516e-6,365.25647649172305,3624.4019288695736,0.05645449924091257,-0.0008447564770235169,0.0002204539648835638,3618.5817398901813,1206.2387250150186,-0.20440052474623527,-0.20479051284729896,-130.62894982777252
3.232353345458364e-6,224.7008038165715,3503.7651377725324,0.05344408347850071,0.0006903039813039025,3.3170161865184403e-6,365.2564757267701,3624.401929980635,0.05493800850657216,-0.0006307841490094324,0.00023246858935377766,3636.5570317872684,1190.1486917667496,-0.18766369599750668,-0.19677842566210524,-129.48620571857262
3.200500166365842e-6,224.70080352956327,3503.7651402617967,0.051540213740425556,0.0007633849753694567,3.3069108429683706e-6,365.2564749124891,3624.401931997303,0.0533845002123317,-0.00048222002157678366,0.0002449878691586107,3654.621615882794,1173.49103069213,-0.17188505195859832,-0.18910126143462325,-128.34745687590126
3.1679635890169143e-6,224.70080324234624,3503.7651429482157,0.04959155004614615,0.0007571775831934129,3.296659735148698e-6,365.25647404586243,3624.4019349247965,0.051798844527521544,-0.0003942644013442241,0.00025807821750086955,3672.775935735436,1156.3583519837944,-0.1569678761449844,-0.18169490140253525,-127.21372830848891
3.13480323701801e-6,224.700802955114,3503.765145829666,0.047597867105561256,0.0006759268479412983,3.2862570478311302e-6,365.2564731241478,3624.401938765907,0.050181343588476784,-0.000363901211419796,0.0002718399138755973,3691.020437107248,1138.8565832307704,-0.14280085575536414,-0.17448736322331942,-126.08576315991894
3.1011727551635066e-6,224.70080266845594,3503.765148894618,0.04556755460422102,0.0005233698703188522,3.2757559092836168e-6,365.25647214518165,3624.4019435151245,0.04853914794192852,-0.0003883669348139424,0.00028632998060236823,3709.3555679746055,1121.0375745692274,-0.1293504738413792,-0.16745572097251468,-124.96402697120858
3.0671386883772837e-6,224.70080238246308,3503.765152140543,0.04350179835455606,0.0003063344381873369,3.2651595541270098e-6,365.25647110603114,3624.40194917436,0.04687367138665229,-0.0004624870001945566,0.00030165335371267523,3727.781778539204,1102.9518959525537,-0.11653914456786475,-0.16056456999088486,-123.84872477072746
3.0328586792982525e-6,224.70080209770592,3503.7651555540747,0.04141199709670261,3.0475328913764774e-5,3.2545453978657187e-6,365.25647000474584,3624.4019557355855,0.04519440073239912,-0.0005818385707141196,0.000317855500495692,3746.299521239115,1084.6159393313415,-0.1043641501843683,-0.15381889007143704,-122.73983569243606
2.9984667268214064e-6,224.70080181472457,3503.765159122127,0.039307310326537524,-0.00029658536668655474,3.2439704888295534e-6,365.2564688395206,3624.4019631904052,0.043509026021587814,-0.0007404781668951211,0.0003349906740580023,3764.909250759895,1066.03114598376,-0.09280984374963915,-0.14722479012252543,-121.63716950008958
2.964177617557067e-6,224.7008015343364,3503.7651628239437,0.03720558601635646,-0.0006667817921836385,3.2335462813513587e-6,365.25646760876776,3624.401971526819,0.041832036616467054,-0.0009320938315094351,0.00035306616376973277,3783.6114240457487,1047.1769668856055,-0.0818902105626876,-0.14080856085869764,-120.54044850272922
2.930180355286522e-6,224.70080125765122,3503.765166635145,0.03512378853179326,-0.0010698413232064208,3.223376991331428e-6,365.2564663119166,3624.401980730527,0.04017713554515215,-0.0011487023686780724,0.00037206956990707584,3802.406500310749,1028.027407302546,-0.07161630218723831,-0.13459535151806612,-119.44941592911199
2.896743225288169e-6,224.70080098593982,3503.765170523283,0.03308571343262473,-0.0014916868351964629,3.2136025522122757e-6,365.25646494811076,3624.4019907900556,0.03856328948566449,-0.0013793014405800272,0.00039191866500066234,3821.2949410501146,1008.492032805781,-0.0620137592989245,-0.12863793530416195,-118.363967550901
2.864138284186847e-6,224.70080072089124,3503.765174449942,0.03111692341434042,-0.0019184217267258273,3.204370332752402e-6,365.2564635180071,3624.402001688227,0.03701069292383751,-0.0016131694350362462,0.00041248167559851373,3840.2772100515426,988.4990992171149,-0.05310958758882979,-0.1229799458480365,-117.28429765460523
2.8326735481975583e-6,224.70080046439762,3503.7651783713036,0.029244961752761315,-0.002333831962324774,3.1958298247399148e-6,365.25646202276755,3624.402013410147,0.03554085585454841,-0.0018379235221988768,0.00043356614004614105,3859.353773406583,967.9404895508208,-0.044924522733595935,-0.11767057372474783,-116.21104391534277
2.8026152794058657e-6,224.70080021836267,3503.765182243417,0.027494420167901098,-0.0027251668866463304,3.1881103298914045e-6,365.2564604652267,3624.4020259326358,0.03417280238323706,-0.002043932089163472,0.00045493449957647583,3878.5250995221045,946.7391569378879,-0.03747389057065529,-0.11274564597482929,-115.14541161650061
2.774247817923451e-6,224.70079998479247,3503.7651860196443,0.0258887771107684,-0.003076930916045998,3.181324898346312e-6,365.25645884882545,3624.4020392359025,0.03292442525212847,-0.002219570374155226,0.0004762972991463333,3897.791659131783,924.7845150047311,-0.030762333614233996,-0.10824165569899138,-114.08925749240052
2.7478052291913485e-6,224.70079976545398,3503.76518965951,0.02444520696591585,-0.0033736502451628277,3.1755458324812923e-6,365.2564571776763,3624.4020533012435,0.03180845684381271,-0.002353290686302968,0.0004973751343483908,3917.1539253076603,901.9774125270262,-0.02476815301199629,-0.10417687571420395,-113.04511872992676
2.7234644231308205e-6,224.7007995617361,3503.765193130211,0.02317528647097433,-0.0036080840308202566,3.170811798051064e-6,365.25645545702525,3624.40206810155,0.03083317174823871,-0.002440092492807928,0.0005178851306467552,3936.612373471764,878.2764491210864,-0.01946932187325993,-0.10055210710913222,-112.01618193745355
2.701400718112055e-6,224.70079937469015,3503.765196404782,0.022089387920867676,-0.0037738534318649606,3.167155159355842e-6,365.25645369204847,3624.4020836133136,0.030005792305514447,-0.002475707959007035,0.0005375324784312258,3956.167481407777,853.6381750074988,-0.01484039011355853,-0.09736594393493414,-111.00619594181752
2.6817038581716537e-6,224.70079920470906,3503.765199470298,0.02118924781096465,-0.0038671600789374136,3.164560263918317e-6,365.2564518875683,3624.4020998150863,0.029326794976764367,-0.002457837919487294,0.0005560910153226856,3975.8197292727723,828.0490107199251,-0.010837649942894373,-0.09460093314767581,-110.01933986572276
2.664424331971309e-6,224.70079905171383,3503.765202322672,0.020472653172080326,-0.0038864623657574276,3.162992403785869e-6,365.25645004802857,3624.402116684948,0.028793643554852585,-0.002385920232725966,0.0005733726412768892,3995.5695996090008,801.5101505848851,-0.007416424309039238,-0.09223507341896972,-109.06006144869129
2.649623977139054e-6,224.70079891526183,3503.7652049646326,0.019939752732803413,-0.0038319943822438516,3.1624370305253907e-6,365.25644817710514,3624.402134205908,0.02840570870414955,-0.0022608206647096838,0.0005891866972047421,4015.41757735574,774.0352089913179,-0.004541732563400857,-0.09024875819824,-108.13290209198038
2.6372739168414815e-6,224.70079879425768,3503.76520741243,0.019583317554439386,-0.003706863561287212,3.162842632880928e-6,365.2564462779187,3624.402152358632,0.028156783416786207,-0.002085527354649765,0.0006034341909189093,4035.364149861203,745.6690090120319,-0.0021692771657413758,-0.08861144819243694,-107.2423245527785
2.6273907900551536e-6,224.70079868752197,3503.765209682699,0.019400257874493274,-0.003511562123319835,3.164184750989994e-6,365.256444352895,3624.402171127774,0.02804394669145017,-0.0018609843133719217,0.0006159969762007572,4055.409806894501,716.4292328962782,-0.0002674205298395451,-0.08730505163808192,-106.39255837079756
2.6199255838396683e-6,224.70079859328376,3503.765211803417,0.019383124149918895,-0.0032496447802743272,3.166419741929339e-6,365.25644240369485,3624.402190495961,0.02806107038626476,-0.001590396118415478,0.0006268349314316647,4075.555040657674,686.3605274371133,0.0012003402085626466,-0.08630447159739982,-105.58747577798957
2.614845551830665e-6,224.70079850975534,3503.7652138038784,0.019528457638914306,-0.0029251367381971298,3.1695325248235847e-6,365.2564404322902,3624.402210441345,0.02820526359597591,-0.001277351990918399,0.0006358960838198616,4095.8003457977725,4751.319341088389,0.002256966209924303,-0.08558916604504709,-104.83050814896964
2.612040634942684e-6,224.70079843468676,3503.765215720939,0.01982552419217492,-0.002543083621474096,3.1734664996964003e-6,365.2564384402502,3624.4022309352326,0.028468116563721946,-0.0009259955969986865,0.0006432253131068817,4116.146219419009,623.9637377950866,0.0029358947624523258,-0.08513391808466764,-104.12460867700116
2.6114764034245816e-6,224.70079836611447,3503.7652175863336,0.020271274203104556,-0.0021056101389041646,3.1782125951485594e-6,365.2564364293902,3624.402251948317,0.02884723636558772,-0.0005382234920533849,0.0006488177675442073,4136.5931610949465,591.7313242877135,0.0032549821256423295,-0.08492578605399896,-103.47226111404336
2.6130336212214984e-6,224.7007983016834,3503.765219438436,0.020856365061009553,-0.001619107615034366,3.183726163437531e-6,365.2564344017844,3624.4022734386776,0.02933548608909093,-0.00011905056865681306,0.0006527575005809571,4157.141672880791,4716.030951242457,0.003239226449554634,-0.08494302507762265,-102.8755285036521
2.616597899859537e-6,224.700798239264,3503.765221312406,0.021573480814595727,-0.0010904585656135405,3.1899764441543964e-6,365.2564323607063,3624.4022953529116,0.029927383061910513,0.00032618099572806914,0.0006551244052361691,4177.792259325701,4703.307765527253,0.0029056441593124952,-0.08516578591924137,-102.33613047334904
2.622057441737212e-6,224.70079817681201,3503.7652232406876,0.022414650294558382,-0.0005254330792393067,3.196926646984248e-6,365.25643030944116,3624.40231763399,0.030616926989438666,0.0007931474900795657,0.0006560249969755158,4198.545427485182,4690.2145359004435,0.002273566562170069,-0.08557706740964569,-101.85553275832866
2.629286849103768e-6,224.70079811244537,3503.765225252518,0.023370739646734986,6.94080365308498e-5,3.20453192326016e-6,365.25642825190755,3624.402340216539,0.03139722588019182,0.0012770152464357985,0.0006555873546984014,4219.4016869335355,457.41232317524634,0.0013620799322696,-0.08615922363640582,-101.43503133732538
2.638156666745631e-6,224.70079804454792,3503.765227373014,0.02443384647249612,0.0006852427018915994,3.212755570950189e-6,365.25642619331717,3624.402363024022,0.03226238462544325,0.0017712304652358945,0.0006539349723813731,4240.361549776372,422.8286646193067,0.0001839052379898109,-0.08689302305572323,-101.07581577772318
2.6485363297918006e-6,224.70079797154474,3503.765229623872,0.025593439762037064,0.0013147232321719395,3.2215396097292594e-6,365.2564241377461,3624.4023859858276,0.033204350235104464,0.002270527929638489,0.00065122283422103,4261.425530663184,387.9673658155698,-0.001240309961347074,-0.08776231930481031,-100.77899907409181
2.6603069731576277e-6,224.7007978923991,3503.765232019042,0.02684086122670162,0.0019505206336658642,3.230837606118047e-6,365.25642209065546,3624.402409023177,0.03421651912664674,0.0027696448028614816,0.0006475861472890339,4282.594146799985,4635.484371129659,-0.0028965043412890095,-0.08875013739422136,-100.54560929390615
2.67335202679489e-6,224.70079780620088,3503.76523456891,0.028166775658441393,0.002586024267049741,3.2405961919366077e-6,365.2564200566331,3624.40243206469,0.03529167180963339,0.003263938523485604,0.0006431659396127135,4303.867917962003,4621.507075187305,-0.0047673323554107095,-0.08984176565757518,-100.37654404127954
2.687538960708934e-6,224.70079771228993,3503.7652372793714,0.02956042711940832,0.003213675315395938,3.250751970226871e-6,365.256418040447,3624.402455037636,0.03642143954152151,0.003748035246171343,0.0006381076055161189,4325.247366506455,4607.509214393162,-0.006835341614102887,-0.0910203984547946,-100.2724954800955
2.7027742866444585e-6,224.70079761031283,3503.765240150486,0.031013179406679053,0.0038290257188217268,3.2612516975888234e-6,365.256416046072,3624.402477879418,0.03759900724326507,0.00421892921757912,0.0006325270834736899,4346.73301738536,4593.51049749259,-0.009085516491967491,-0.09227518466312715,-100.23385713432418
2.718938192203308e-6,224.7007975000649,3503.7652431805986,0.0325149327333259,0.004426554599158523,3.272033264989937e-6,365.25641407714164,3624.402500532504,0.03881639592141886,0.004672795063693831,0.0006265517719470234,4368.325398158435,211.21335179312132,-0.011499405758372768,-0.09359143874579247,-100.26062615290301
2.73592608058913e-6,224.70079738153171,3503.7652463639797,0.03405636942085452,0.0050021929310376965,3.2830380214784236e-6,365.25641213678676,3624.402522945184,0.04006617504932693,0.005106869426107807,0.0006202835390393974,4390.02503900605,175.58231253988026,-0.014061812253100358,-0.09495841853789348,-100.35231349239413
2.753649266526351e-6,224.7007972549235,3503.7652496911464,0.035628482726952744,0.005555921255873135,3.2942068507515086e-6,365.2564102269029,3624.402545078993,0.04134107845232914,0.005521514846629829,0.00061381477783177,4411.832472742248,4551.696265466472,-0.016753940186345635,-0.09637003500153368,-100.50787324472589
2.7719831764547773e-6,224.70079712046552,3503.765253153552,0.03722143904594102,0.006083241635790363,3.305477192703781e-6,365.2564083501419,3624.402566891217,0.042633235475984375,0.005913558474301574,0.000607235013942986,4433.748234827809,4537.826697359143,-0.019560444860753604,-0.09781321894974253,-100.72565855982944
2.7908131676880297e-6,224.7007969785715,3503.7652567394543,0.03882555069473838,0.006583891738066329,3.316786432177039e-6,365.25640650800165,3624.4025883514364,0.043934829026303426,0.006283112873393251,0.0006006242246457702,4455.772863383427,4523.985823397279,-0.022462043782996363,-0.09927996448768063,-101.00340842302154
2.8100471218476787e-6,224.70079682968446,3503.765260436327,0.04043304147965377,0.007058394653511138,3.3280824578200953e-6,365.25640470159703,3624.402609433832,0.045239520713618996,0.006630812934924138,0.0005940350674472772,4477.906899202904,4510.152709679854,-0.02544404485393327,-0.10076628343623058,-101.33826608187412
2.8295733679953205e-6,224.70079667429164,3503.765264231923,0.04203598290641735,0.007506461539858472,3.3393138719356127e-6,365.2564029321791,3624.40263011409,0.04654087302232753,0.006956646491926232,0.00058751792268942,4500.150885766434,4496.318115615197,-0.028491813468987416,-0.10226580866946931,-101.72682690934695
2.8492685943590553e-6,224.7007965129662,3503.7652681130817,0.04362546683745865,0.00792874191993236,3.350422150651057e-6,365.2564012008246,3624.4026503708565,0.047831666681887416,0.007261326587520841,0.0005811244171626744,4522.505369253945,4482.46814279684,-0.03158785505106173,-0.10377220937937202,-102.16521080621702
2.8690303379945944e-6,224.70079634626566,3503.7652720668057,0.045194781631542995,0.008326826975080496,3.361362528799679e-6,365.2563995083241,3624.402670186727,0.049106403731889466,0.0075462385117387645,0.0005748827168960745,4544.970898558514,4468.580045533677,-0.034718884413499775,-0.10528324328855884,-102.64915347343121
2.888712355468364e-6,224.70079617491842,3503.765276079376,0.04673431476209255,0.00870202227450287,3.3720723683631603e-6,365.25639785589897,3624.402689544049,0.05035733616751228,0.007812613870455645,0.0005688462779203591,4567.548025299842,4454.645995510059,-0.03786340182254424,-0.10679022490549006,-103.17410917912753
2.9082429134954195e-6,224.70079599942662,3503.76528013849,0.04824101783256545,0.00905672139634469,3.3825306719773487e-6,365.25639624419154,3624.402708428418,0.05158184385656561,0.00806237227643085,0.0005630072123645371,4590.237303837797,4440.6336952199235,-0.04101562498082987,-0.10829741777322804,-103.73535824681814
2.927501221397358e-6,224.70079582045182,3503.7652842317934,0.04970825643500368,0.009392209422524713,3.3926936054865185e-6,365.256394674429,3624.402726824582,0.05277453252646292,0.008296651764023942,0.0005573911369664438,4613.03929128603,4426.534730557985,-0.04416063199063019,-0.10979989892168268,-104.32811305949976
2.946398547060466e-6,224.70079563861069,3503.765288347189,0.0511323031187605,0.009711192216891538,3.4025368267323947e-6,365.2563931475424,3624.402744720097,0.05393229057293549,0.008517654419382062,0.0005520006968208651,4635.954547525651,-223.62977210450666,-0.04728836531603316,-0.11129887058264437,-104.94761726328763
2.964787528992548e-6,224.70079545461712,3503.7652924725367,0.05250531239035249,0.01001469161901537,3.4120093130252614e-6,365.25639166513673,3624.4027620993047,0.05504877844454755,0.008726341052678862,0.0005468683642542507,4658.983635218978,4398.003294411888,-0.05038039255828054,-0.11278735030665374,-105.58923395566214
2.9825929998288244e-6,224.70079526911474,3503.7652965964157,0.05382485490473569,0.010305658372296994,3.4210948280433503e-6,365.2563902282403,3624.4027789519764,0.05612193170688017,0.00892508824440342,0.0005419897513383153,4682.12711982335,4383.546299522129,-0.05342725847042145,-0.11426756410640934,-106.24852083470861
2.999742961242665e-6,224.7007950826379,3503.7653007086724,0.055089365549295,0.010585898994392193,3.429783706931194e-6,365.2563888380268,3624.4027952661263,0.057150371669216056,0.009115368555151016,0.0005373542621397309,4705.385569605016,4368.937590995503,-0.05642371500460508,-0.11574208712920303,-106.92129038461877
3.016106902041968e-6,224.70079489595452,3503.765304798389,0.05629256564711159,0.010856718175737247,3.438035630413438e-6,365.2563874962165,3624.402811030867,0.05812903573307022,0.009298363040531193,0.0005329901137267278,4728.759555653085,-374.57883803457923,-0.05935045844676569,-0.11720359370819285,-107.60365533755058
3.031641220584517e-6,224.70079470958012,3503.765308855898,0.05743491583703788,0.0111212208686306,3.4458543209362897e-6,365.2563862038009,3624.4028262369725,0.0590581488263216,0.009476532258127904,0.0005288735309376425,4752.249651893553,4339.246771859641,-0.06220522343737564,-0.11865933079799375,-108.2920598145941
3.0462508030550075e-6,224.70079452417187,3503.7653128722,0.058513232422005575,0.011380056750402223,3.4532211246875013e-6,365.25638496252253,3624.4028408749937,0.059935107246863656,0.009650522587552416,0.0005250166914854129,4775.856435103377,4324.143571782256,-0.06497511864509811,-0.12010417386559687,-108.98329753009872
3.059882407907965e-6,224.70079434036938,3503.7653168378497,0.059525957906072756,0.01163598078663301,3.4601241797114643e-6,365.25638377317443,3624.4028549414047,0.06075860829114867,0.009822551992494339,0.0005214191868925984,4799.580484924667,4308.8537718302105,-0.06764987763188098,-0.12153965550801009,-109.67451873991573
3.0724692641555107e-6,224.7007941586451,3503.7653207457206,0.060472657069551766,0.011889654159594237,3.466565837319228e-6,365.25638263741206,3624.402868426734,0.0615281901103,0.009993237294211465,0.0005180712968019205,4823.422383878897,4293.377218098928,-0.07022498223995828,-0.12296624421678183,-110.36322749143483
3.083959963370807e-6,224.7007939796454,3503.7653245879133,0.06135155805583119,0.012142457945256717,3.4725336446774356e-6,365.25638155604787,3624.402881331304,0.06224242326206151,0.010163757104589338,0.0005149844796081129,4847.382717381214,-569.668778978842,-0.07268710674821954,-0.12438049313773317,-111.04727143914761
3.0943199990143017e-6,224.70079380381,3503.7653283579757,0.06216334180376183,0.012396584901054178,3.4780354045019806e-6,365.25638053005645,3624.402893652098,0.0629017600441397,0.010335888951054724,0.0005121430873297704,4871.462073754815,4261.852820148827,-0.07503391670805198,-0.12578570399601857,-111.7248255432795
3.103522395600388e-6,224.70079363160687,3503.765332050521,0.06290829190891606,0.01265170029324568,3.483074268286344e-6,365.2563795600985,3624.402905390833,0.06350639105332141,0.010509445607782582,0.0005095480398474034,4895.661044245388,4245.802527306835,-0.0772581948750793,-0.12717933417091024,-112.3943715812305
3.1115299670152552e-6,224.70079346356195,3503.765335659275,0.06358581165523369,0.012910450189468433,3.4876494684997348e-6,365.25637864704885,3624.402916548547,0.06405579445035359,0.010686594954243676,0.0005072000767157674,4919.9802230356345,4229.554955631043,-0.07935105459616283,-0.12856130137015212,-113.0546746323748
3.118364557692192e-6,224.70079330001656,3503.765339179927,0.06419874501322598,0.013173097139913178,3.4917793291125068e-6,365.2563777906529,3624.4029271327354,0.06455221050414782,0.010867556099529531,0.0005050824997376615,4944.420207259853,4213.107876445205,-0.08131355307791319,-0.1299344766536202,-113.70475787718279
3.123970252865321e-6,224.70079314145698,3503.765342608553,0.06474424802075096,0.013440334709866024,3.4954484226792308e-6,365.2563769915633,3624.402937150419,0.06499337986682596,0.011052994149009666,0.0005032192145384833,4968.9815970186055,4196.477424532804,-0.08312970106179791,-0.13128977351908286,-114.3438765656491
3.1283836454186065e-6,224.70079298805268,3503.7653459427984,0.06522639319890428,0.013712659850123649,3.498685519970341e-6,365.25637624937224,3624.40294660972,0.06538249185049476,0.011243293730683262,0.0005015830026786872,4993.664995393454,4179.656987305885,-0.08480614241209643,-0.1326328210561939,-114.97149202291995
3.131632310653776e-6,224.700792840194,3503.76534917866,0.06564800053726952,0.013991896088055069,3.5015129859502747e-6,365.2563755640244,3624.4029555191164,0.0657217754238634,0.01143993798049586,0.0005001646054310149,5018.471008461764,4162.6365334218235,-0.08634013737895185,-0.1339665928133284,-115.58724628780993
3.133688051811798e-6,224.70079269814636,3503.7653523154263,0.06600610041027431,0.014277133782779934,3.5039084820751645e-6,365.2563749347324,3624.40296389704,0.06600892496762165,0.011642259778516344,0.0004989879774042015,5043.400245311587,-897.9558508015917,-0.0877195132018412,-0.1352793435573739,-116.19093777933645
3.1346215959936795e-6,224.7007925619803,3503.765355352604,0.06630686532775132,0.014568784492995066,3.505918610500914e-6,365.2563743605613,3624.402971756745,0.06624882085459494,0.011850584870473647,0.0004980234297955613,5068.4533180566195,-940.3793114788967,-0.08895398995341315,-0.13657756646675517,-116.782498317108
3.134430243407702e-6,224.70079243211532,3503.765358286386,0.06654894484066108,0.014868870593748938,3.5075324755647063e-6,365.25637384121063,3624.402979109241,0.0664404112365051,0.012066526536678838,0.0004972817346211436,5093.630841851234,4110.517108142618,-0.0900328937817248,-0.13785971589898707,-117.36197188229697
3.080113490165363e-6,224.70078386411694,3503.765458094861,0.06235693045260413,0.021630255113154667,3.4256762963595423e-6,365.25638935718206,3624.4028462616016,0.061589773968900106,0.016580995786515815,0.0009242978229161758,5118.933434905567,1920.7125711945098,0.23781465911209743,0.07434292337852065,-117.56328407957439
3.0463471785247104e-6,224.70078352513613,3503.7654639841253,0.06032126150512587,0.02241866628405473,3.413268478021624e-6,365.2563897745683,3624.402846189242,0.059987194022234146,0.017223092993781542,0.000946312436705693,5144.361718500724,1889.34116205144,0.23386710272806202,0.07431027474902491,-117.33780128114745
3.013220304772658e-6,224.70078317344738,3503.7654700128,0.05828356953432257,0.0231412816301107,3.4008874220294008e-6,365.2563901962987,3624.4028460781274,0.058381452749846276,0.01781405606392578,0.0009692206359277198,5169.916317004019,1857.8686711691078,0.22997255766713756,0.07418799160134476,-117.11224938222327
2.9809761599056713e-6,224.70078280869518,3503.7654761911685,0.056260623814326595,0.023792434806003782,3.388646303746863e-6,365.25639061246335,3624.4028460130044,0.056786157333669214,0.018349246969086623,0.0009929434251527234,5195.597857884309,1826.3481308401601,0.22615574906666286,0.07397668641216808,-116.8885678766898
2.9498122009404953e-6,224.7007824308612,3503.765482524737,0.05426725150538675,0.024368342184219474,3.3766431586771178e-6,365.2563910145077,3624.4028460671366,0.055213345479010974,0.01882551351898199,0.0010173955094589303,5221.406971727398,1794.8307067245648,0.22243742993245622,0.07367907141487187,-116.66879955181564
2.9199163451268585e-6,224.700782040482,3503.765489012005,0.05231888671688075,0.024867895718845585,3.3649810647035425e-6,365.25639139470417,3624.4028463068153,0.053675568483681796,0.01924184640571836,0.0010424584582317473,5247.344292251525,1763.3669808264215,0.21883787822784873,0.07330199289473134,-116.45504793976775
2.8913810879936074e-6,224.70078163780258,3503.765495653977,0.05042439239702663,0.02529093924097236,3.353714526760411e-6,365.25639174687865,3624.4028467855214,0.052180078577091664,0.01959794820678751,0.0010680653674301549,5273.41045632292,1731.9935736303507,0.2153675033929391,0.07284952776014147,-116.24942984825381
2.864285959648876e-6,224.70078122353615,3503.7655024454534,0.04859254923557474,0.025639116967579274,3.342898301710456e-6,365.2563920658124,3624.40284754758,0.050734071891311974,0.019894963555352106,0.0010941244695540106,5299.606103971447,1700.7443029522524,0.21203598838365878,0.07232888002981465,-116.05402749992672
2.8386399634731696e-6,224.70078079829017,3503.7655093820244,0.04682712961465723,0.025916368838558947,3.3325532476822126e-6,365.2563923486234,3624.402848619024,0.04934070598403901,0.020135859784594874,0.001120584516331607,5325.931878406312,1669.6349741018187,0.20884475096058552,0.07174709984505531,-115.87084402382648
2.8144263275286405e-6,224.70078036268296,3503.7655164584153,0.045130317807652705,0.026126736920235195,3.3226890136752295e-6,365.256392592858,3624.402850020492,0.04800184569872524,0.02032368330552044,0.0011473975651711036,5352.388426031863,1638.6780614256438,0.20579366040960004,0.07111100231126945,-115.70176548640569
2.7915932256950676e-6,224.70077991734357,3503.765523669193,0.04350182941923578,0.02627663302943721,3.31330067921761e-6,365.25639279773617,3624.402851759307,0.04671735540455045,0.020463381434269255,0.001174528259478089,5378.976396463458,1607.870145505856,0.20287843179818754,0.07042922066098706,-115.54853043880924
2.7700649977392746e-6,224.7007794625289,3503.7655310127825,0.04193858383309471,0.026369743439902865,3.3043631106740615e-6,365.25639296289927,3624.4028538386783,0.04548484817218135,0.020557729661914527,0.0012019919880986692,5405.696442543419,1577.2080018256702,0.20009137520042183,0.06970491482541129,-115.4127072738194
2.7497679182160715e-6,224.70077899875383,3503.765538484731,0.04043855426380308,0.02641250543214952,3.2958603563799026e-6,365.25639308848656,3624.402856257282,0.04430276177692443,0.020611721307380308,0.0012297676121839952,5432.5492203570575,1546.6797965881922,0.19742644889813976,0.06894595757904104,-115.29567876356431
2.7306089734369678e-6,224.70077852604663,3503.765546086076,0.03899714793278713,0.026409238473220773,3.287759118762586e-6,365.25639317477334,3624.4028590124317,0.04316746471527307,0.020628669356542246,0.0012578861260090833,5459.535389248794,1516.2736157823038,0.19487463057931748,0.06815553086437379,-115.19863253664748
2.7125026346573495e-6,224.70077804466777,3503.765553815309,0.03761053872523953,0.026365404551451303,3.280032809879207e-6,365.25639322278624,3624.402862095122,0.04207592337229701,0.02061281426242361,0.001286357803234959,5486.655611838321,1485.9709115033922,0.19242772562304664,0.06733927847583064,-115.12255657731957
2.6953718402650925e-6,224.70077755471334,3503.7655616729,0.036275316394089124,0.026285531617053486,3.272656155673278e-6,365.2563932327218,3624.4028655031807,0.04102544868284577,0.020567661566302155,0.001315196366712414,5513.910554036913,1455.7577829554316,0.1900788868359336,0.0665013196697744,-115.06823861511461
2.6791163319193937e-6,224.70077705583125,3503.7655696647466,0.0349857025488428,0.026174105250560707,3.2655908641797607e-6,365.25639320564113,3624.402869226643,0.04001140395961202,0.020496693194747697,0.001344454981374384,5541.300885063744,1425.6092675069478,0.18781813761296162,0.06564483053658533,-115.03626879004476
2.663678864778265e-6,224.70077654814654,3503.765577790754,0.03373913348808257,0.026033602387934177,3.2588186035049526e-6,365.25639314187947,3624.4028732620545,0.03903177260605065,0.02040183001855027,0.0013741538584609119,5568.827277462339,1395.520174719867,0.18564024904305718,0.06477169630860653,-115.02704470652859
2.6489784949020673e-6,224.70077603124903,3503.7655860579266,0.0325311056951894,0.02586825943758574,3.2523091992597484e-6,365.2563930418082,3624.402877605233,0.03808294494166528,0.020286368457704644,0.001404334286097474,5596.490407117076,1365.4653927105305,0.18353755120760878,0.06388529777999942,-115.0407788975839
2.6349647870239825e-6,224.70077550513713,3503.7655944679714,0.03135950143838745,0.025680993756942903,3.2460480013605e-6,365.2563929054311,3624.4028822552436,0.03716323350852579,0.020152594100381865,0.0014350083755074376,5624.290953269787,1335.4368538376334,0.18150595064197947,0.06298844972665035,-115.07750776780912
2.62156675893892e-6,224.70077496919217,3503.765603030462,0.030219872792369762,0.025474468429678196,3.240005340905152e-6,365.2563927330366,3624.4028872086983,0.03626908051430542,0.02000257070700299,0.0014662396098074537,5652.229598536437,1305.4127827566651,0.17953810262988704,0.0620823238950285,-115.13710234126424
2.6087343742067032e-6,224.7007744229647,3503.765611752768,0.029109523336607403,0.025250828593830554,3.2341639645713166e-6,365.2563925241774,3624.402892468015,0.03539832594419874,0.019837981564438435,0.001498066891433595,5680.307028923882,1275.38275835083,0.17762966147426612,0.061168330735422966,-115.21928009699108
2.5964337979878966e-6,224.7007738664323,3503.765620637219,0.028027443290221044,0.025013003150288392,3.2285160966879445e-6,365.2563922783711,3624.402898036549,0.034550156485002814,0.01966113830869313,0.0015304862927438567,5708.5239338467145,1245.3358255905182,0.1757783091331644,0.0602499241660228,-115.32361787254248
2.584613563046176e-6,224.70077329895244,3503.765629693399,0.026970102050503264,0.024761340327430062,3.223039295861332e-6,365.25639199572515,3624.4029039121033,0.03372176032423035,0.01947230360256104,0.0015635787268621457,5736.881006144193,1215.2649038741802,0.17397851074170723,0.059325773761970964,-115.44956559405733
2.5732419687875314e-6,224.70077272004877,3503.7656389296367,0.025936370510071166,0.024498889168345285,3.217725392961193e-6,365.25639167449924,3624.4029101083106,0.03291222444565734,0.019273879619141496,0.0015973461835574701,5765.378942097251,1185.1546827852512,0.1722284689569765,0.058399123491899296,-115.59646053233043
2.5622863271721134e-6,224.70077212928948,3503.765648353309,0.024924630433658085,0.024227582812938873,3.2125637186710024e-6,365.2563913139247,3624.4029166306827,0.03212023784909836,0.019067408702548673,0.001631815339432208,5794.018441445595,1154.9942790597277,0.17052540664814264,0.05747181453669236,-115.76354182144917
2.5517116208148833e-6,224.70077152586396,3503.7656579765267,0.023932428866433143,0.02394749960770684,3.207538618267525e-6,365.2563909131901,3624.4029234849304,0.031343859096226126,0.018852935374500782,0.0016670636290189072,5822.800207404887,1124.7787772592749,0.1688655372433515,0.05654240476013178,-115.94996510697514
2.5414972975993753e-6,224.70077090956025,3503.76566780398,0.02295944819309537,0.023660950823825973,3.2026474275794474e-6,365.25639047084076,3624.4029306824214,0.030582808819803912,0.018632325534130665,0.0017030814100754132,5851.724946684017,1094.4989668030207,0.16724820967230095,0.055614012240906736,-116.15481696786063
2.5316264022756617e-6,224.70077027992556,3503.7656778434443,0.022004965343274747,0.02336881999214351,3.197884873194999e-6,365.25638998523095,3624.4029382360886,0.029836533011413712,0.018406274019925582,0.0017398956880717749,5880.7933695024285,1064.150364033773,0.16567205219214076,0.0546872756392105,-116.37712893432854
2.5220686942749495e-6,224.70076963618328,3503.765688106672,0.021067187162164575,0.023071677489309574,3.193239757017335e-6,365.2563894552337,3624.4029461544415,0.02910357231137601,0.018175259926413955,0.0017775633314541586,5910.006189607597,1033.7278295856383,0.16413451740045668,0.05376202857378662,-116.61589100251432
2.512811584667292e-6,224.70076897795266,3503.7656986005204,0.020145935157344485,0.02277080472834229,3.188710264040919e-6,365.25638887875033,3624.4029544542104,0.028383788227689943,0.01794031272817869,0.0018160911124783332,5939.36412429253,1003.2263393516012,0.1626352408083798,0.052839816808907356,-116.87006436829007
2.5038372030056607e-6,224.70076830455145,3503.7657093357043,0.01924028287733928,0.022467298828647644,3.1842897440581588e-6,365.2563882538097,3624.402963151286,0.027676437067509274,0.01770232155524536,0.0018555112213136968,5968.867894413384,972.637407696263,0.1611727558308265,0.05192151667812822,-117.13859328108188
2.495127903902913e-6,224.7007676152199,3503.7657203239323,0.018349329423538428,0.02216168096852555,3.179972630849593e-6,365.25638757828756,3624.4029722625687,0.026980799044540902,0.017461722129721278,0.0018958657868196058,5998.51822440717,941.9574171116182,0.15974584576760673,0.05100728671597863,-117.42041590537171
2.4866721031378105e-6,224.70076690951146,3503.7657315728047,0.017472980476023126,0.02185533232165094,3.1757568620553046e-6,365.25638684960506,3624.4029818090357,0.02629676480478711,0.01721963836467759,0.001937150666715965,6028.315842309532,911.1787137089441,0.15835443093921417,0.05009896415145108,-117.71447419494261
2.478459617868564e-6,224.7007661870712,3503.765743088767,0.01661060602246981,0.021546944286452395,3.1716397280446314e-6,365.2563860674039,3624.402991793317,0.02562388416751045,0.016975073906406787,0.0019794431297797174,6058.261479772633,880.3122610936406,0.15699695963190757,0.049194463097039336,-118.01972270106047
2.470483761216834e-6,224.70076544733794,3503.7657548808243,0.015763020390049676,0.02124013998165123,3.1676226759364955e-6,365.25638522598354,3624.4030022622906,0.02496273670566279,0.016730919281152144,0.0020226583874312642,6088.3558720831115,849.3418495527588,0.15567556961894272,0.04829876990259725,-118.33513614714536
2.4627170120619304e-6,224.70076468851195,3503.7657669743517,0.014927288631589326,0.020933576461789262,3.163689430191473e-6,365.25638432401854,3624.4030132264184,0.024311001598063448,0.01648614048748018,0.0020669584482111186,6118.599758180143,818.2586227641411,0.1543858195347816,0.04740852934813643,-118.65971614248728
2.4551827281802336e-6,224.70076391306063,3503.7657793386334,0.014107373631121632,0.02062720603456922,3.1598627427469337e-6,365.2563833622848,3624.4030246798693,0.023671850456143673,0.01624078676857002,0.0021122124075188538,6148.993880673579,787.092659157654,0.15313201206010085,0.04652637039738908,-118.99249664033732
2.4478466538324164e-6,224.7007631174727,3503.7657920210495,0.013299886193878329,0.020323695768588296,3.1561199539394747e-6,365.25638233209924,3624.4030366934066,0.02304251844079782,0.015996966426277858,0.002158513648743618,6179.538985862183,755.8026783057061,0.15191132563555193,0.045653152478010196,-119.33254856136361
2.440709258834758e-6,224.700762302634,3503.765805012087,0.012505854177543553,0.020021445394773137,3.1524680691082152e-6,365.2563812343109,3624.4030492605716,0.022423855206606568,0.01575346873675313,0.0022058771476104796,6210.235823751956,724.4150263885439,0.15072414956567384,0.04478771600828506,-119.67898338872405
2.4337636301440056e-6,224.70076146793858,3503.765818320878,0.011725177050215281,0.019721798584099663,3.14890438504207e-6,365.25638006535246,3624.4030624108655,0.021815735288345718,0.015511411203325944,0.0022542930196726113,6241.085148074549,6934.002181866244,0.14957043125245764,0.04393177723603326,-120.03095589354427
2.4270074168240953e-6,224.7007606131575,3503.7658319516167,0.010958333199665021,0.0194254135291332,3.145430484799441e-6,365.2563788213208,3624.4030761764598,0.02121853132397986,0.015271372080190169,0.0023037343900664353,6272.087716305775,661.3080336692608,0.14845108925700257,0.0430863706198102,-120.3876661299957
2.420431331769693e-6,224.70075973786595,3503.765845911675,0.010204991095726772,0.019131953123027456,3.1420436288455985e-6,365.25637750015323,3624.4030905748014,0.020631967370198845,0.015033114525828273,0.002354241086267606,6303.244289684209,629.5932051873177,0.14736536638195716,0.042250840451892945,-120.74836070700815
2.4140288272942365e-6,224.70075884163546,3503.765860207884,0.009465032142171665,0.018841777521456927,3.1387423863394645e-6,365.25637609878805,3624.403105631501,0.020055918540802117,0.014797002611469214,0.0024058171518859662,6334.55563322986,6932.324278183779,0.14631310124709648,0.04142573676617026,-121.1123333118414
2.4077914431392747e-6,224.7007579232375,3503.765874857341,0.008738392920243813,0.018556317170893365,3.1355235231657734e-6,365.25637460957716,3624.403121409336,0.019490293398547062,0.01456419901822326,0.0024584312263812675,6366.022515762987,6931.8504217580485,0.1452954828123123,0.04061236035358045,-121.47892484118053
2.4017183849648904e-6,224.70075698335114,3503.7658898521795,0.008025455505505366,0.01827510080801594,3.1323887333044397e-6,365.25637303281997,3624.403137906659,0.018935383857652612,0.014334401455154225,0.0025120822644415786,6397.6457099229565,6931.4211744185495,0.14431194070157374,0.03981067372788284,-121.8475229194642
2.3958063755826832e-6,224.7007560224912,3503.7659051870337,0.007326666879387663,0.01799750607573211,3.129339943651404e-6,365.2563713674141,3624.4031551334824,0.0183915171288986,0.01410719541251746,0.002566762791529353,6429.425992187217,501.6198481033554,0.1433625048359261,0.03902036100110357,-122.21756107543244
2.390043819487325e-6,224.70075503828585,3503.765920892851,0.006641665054228453,0.017726224862193052,3.12637049944145e-6,365.2563695999951,3624.4031731989203,0.017858320326614694,0.013884745161593558,0.0026223931402424316,6461.3641428903675,6930.708152925173,0.1424494639764915,0.038243747736312325,-122.58851748289636
2.384427956270964e-6,224.70075403200266,3503.765936955149,0.0059701398686830024,0.017459064318866246,3.123480410439194e-6,365.256367736292,3624.403192057668,0.017335603618106408,0.01366537110582079,0.0026790674382909238,6493.460946243316,436.96041975237637,0.141569773231082,0.03747858218453962,-122.95991347342742
2.3789594058558544e-6,224.7007530042609,3503.765953365216,0.005313575859038622,0.017197219496212224,3.12067435950083e-6,365.2563657699672,3624.403211762151,0.016824415491258522,0.013450137046553408,0.002736630936773877,6525.717190352534,6930.190816858991,0.14072634048530996,0.03672698254544028,-123.33131178054097
2.3736237827077343e-6,224.70075195312998,3503.7659701496304,0.004670366824464448,0.016940798781576425,3.117942419514831e-6,365.2563636952517,3624.4032323599754,0.016323499883752257,0.013239135562838636,0.002795164778547117,6558.133667239411,371.8712536876159,0.13991754008488544,0.035987985052099505,-123.70231457183944
2.3684222476497433e-6,224.70075087921904,3503.765987299368,0.004041841534678137,0.01669071114355678,3.1152881851678306e-6,365.2563615053135,3624.4032539074647,0.01583381566357164,0.013033168781194369,0.0028545145834593375,6590.711172859697,6929.868931937749,0.13914598529533115,0.03526314859539363,-124.07256136419223
2.363345136539823e-6,224.70074978268676,3503.7660048141447,0.0034270881823016764,0.016445794989196436,3.1127069395278245e-6,365.2563592020699,3624.403276390574,0.015354627799134315,0.012831384593815031,0.0029147653064855797,6623.450507123055,306.3369892722256,0.13840908740945085,0.034550938684243415,-124.44172674836932
2.3583934149796065e-6,224.7007486638898,3503.766022687154,0.0028274428863089996,0.016207498164433478,3.1102015945143976e-6,365.25635677649484,3624.403299882762,0.014886913212641201,0.012635001872478471,0.0029757203571436366,6656.352473912689,6929.759375363657,0.1377100573584577,0.033853324823438835,-124.80951815683665
2.3535508336191053e-6,224.7007475205162,3503.7660409499376,0.0022412335055141167,0.015975743212726105,3.107761644147723e-6,365.25635422091517,3624.4033244472057,0.01442929800774063,0.012444011526964343,0.0030374503877278213,6689.417881105096,240.36107951910964,0.1370477480470367,0.03316903085884676,-125.17567342839982
2.348826814593414e-6,224.70074635554357,3503.766059560908,0.0016701777569648002,0.015750465556175514,3.105394140075161e-6,365.25635153636335,3624.40335007653,0.013983122443778521,0.012258412444773343,0.003099795239947084,6722.647540589893,6929.853588282038,0.13642310045945955,0.03249906956593501,-125.53995851830746
2.344204490203699e-6,224.70074516662118,3503.766078552292,0.0011130575835395535,0.015531802258965064,3.103090438604867e-6,365.25634871345466,3624.4033768476643,0.013547344058386463,0.012078387716086455,0.0031627764664497815,6756.042268289765,6929.983829465398,0.13583611755743374,0.031842448929239396,-125.90216505871726
2.3396810072032337e-6,224.7007439540138,3503.7660979190205,0.0005700100498925951,0.015320007031532573,3.100848856024414e-6,365.2563457472593,3624.4034048010567,0.013122033281164422,0.011904185311712013,0.0032263085940796997,6789.602884180467,6930.168273609156,0.13528727698792836,0.031199323706614487,-126.26210802194673
2.3352521488738847e-6,224.700742717982,3503.7661176552892,4.134034258652496e-5,0.01511553556333615,3.0986673754013424e-6,365.2563426320408,3624.403433983591,0.01270733566774872,0.011736240147911414,0.003290270206391607,6823.330212311005,6930.403958987883,0.13477764347244026,0.030570270958185222,-126.6196234589771
2.330912436181695e-6,224.70074145840056,3503.7661377629784,-0.0004733424371615329,0.014917941511027622,3.096543211868508e-6,365.2563393643399,3624.403464424146,0.012302945133270203,0.011574227723659092,0.003354649728745199,6857.225080823834,6930.697604661552,0.13430662812704655,0.029954224211452902,-126.97456619669657
2.3266574444258906e-6,224.7007401746657,3503.766158246985,-0.0009737362601489765,0.014727935776548145,3.0944743995571518e-6,365.25633593287336,3624.4034962139167,0.011909019768649356,0.011418769842405075,0.0034192908568704667,6891.288321975207,6931.047592763836,0.13387655115700042,0.029351531134606135,-127.32680774075934
2.32247994262671e-6,224.70073886543952,3503.7661791231185,-0.0014605935871618817,0.014545769489770662,3.092454440042931e-6,365.256332329827,3624.403529416185,0.011524928145903059,0.011270115640561906,0.003484154401514383,6925.520772155604,6931.44545819751,0.1334874410420176,0.028761780127607436,-127.67623418359099
2.318372418166029e-6,224.70073753010007,3503.7662003978603,-0.0019342219249471942,0.014371418232039171,3.0904792410620412e-6,365.2563285490588,3624.403564080906,0.011150338732109775,0.011128277564921444,0.0035491873841244502,6959.923271910277,6931.890592040214,0.133139475464735,0.028184390718978557,-128.02274425529208
2.3143374727352496e-6,224.70073617081,3503.766222041071,-0.0023938042608036827,0.014204538022809111,3.088552351647652e-6,365.25632458930033,3624.4036002187504,0.010785951666629085,0.010993021795935998,0.0036142220866130755,6994.496665959879,6932.399428709891,0.13283362864370013,0.02761915311053585,-128.366247480019
2.3103638208844625e-6,224.70073478393755,3503.7662440969416,-0.002840590986831166,0.01404601376541789,3.0866630380586845e-6,365.25632043511354,3624.403637953478,0.01043066181304623,0.010865069859730722,0.0036792369184762306,7029.241803221209,6932.951923661725,0.13257077376430018,0.027065617932252116,-128.70666249207392
2.306451162537319e-6,224.7007333710223,3503.766266543083,-0.003274158941360828,0.01389546337490752,3.0848128267766558e-6,365.25631608524526,3624.4036772950294,0.010084817243014231,0.010744161122728338,0.003744091900330551,7064.159536828061,6933.558395678032,0.13235141851200452,0.026523325352300446,-129.04391548614342
2.3025886119594402e-6,224.7007319268879,3503.766289443541,-0.0036954673951812705,0.013754040096922696,3.0829922567854336e-6,365.2563115134796,3624.403718454382,0.009747566236391602,0.01063122844752639,0.003808673101294426,7099.250724152167,6934.203154202209,0.13217924859236888,0.025991744985351898,-129.37793872103254
2.2987793944907433e-6,224.70073045513988,3503.7663127496057,-0.004104128952266771,0.01362067918622462,3.0812045933601947e-6,365.2563067305998,3624.4037613441124,0.009419279601987665,0.01052544924150689,0.0038729265514944097,7134.5162268242475,-7334.1311787917675,0.13205208212254005,0.025470102415639528,-129.70866934890412
2.295013790590437e-6,224.70072894971833,3503.7663365343506,-0.004501254908492141,0.013497144938163268,3.0794384574401977e-6,365.2563017067356,3624.40380620262,0.009099002808418967,0.010428205753832598,0.003936697470982829,7169.956910755174,-234.32950446315965,0.13197428631228303,0.024958284419574327,-130.03604821605347
2.2912878381623564e-6,224.7007274128876,3503.7663607724667,-0.004886813067441289,0.013381488255987397,3.0776975013019913e-6,365.2562964502266,3624.4038529665327,0.008786785365582724,0.010337971950956107,0.004000012516723644,7205.573646157224,6936.411395395413,0.1319437348180502,0.024454280074148557,-130.36001894206942
2.2876015251827184e-6,224.70072584015833,3503.7663855114765,-0.005261539121415592,0.013275771082608459,3.075972229663e-6,365.2562909365868,3624.4039018265266,0.00848203800431425,0.010256404744548754,0.004062673762254098,7241.3673075654615,6937.215800276689,0.13196426479804374,0.023958723318908137,-130.68052706633753
2.28394846081511e-6,224.700724229651,3503.766410775917,-0.0056254887322513955,0.013179727368487739,3.0742625499185305e-6,365.25628515081047,3624.4039529054126,0.00818470345904851,0.010183270030348475,0.004124553823294008,7277.3387738591755,6938.05710168704,0.13203866915924736,0.023470165646915547,-130.9975194162507
2.2803306066317518e-6,224.7007225824797,3503.7664365475252,-0.0059791338768147686,0.013093017119559595,3.072565583846276e-6,365.25627909908,3624.4040061505884,0.007894479519135389,0.010118285534486035,0.004185634776054507,7313.48892828351,-374.5602642976364,0.13216496225012486,0.022988125312145002,-131.31094354490853
2.276739152467025e-6,224.70072089230385,3503.7664629082215,-0.00632318836656369,0.013016231068524318,3.070877028855824e-6,365.256272749337,3624.4040618212116,0.0076107695874617605,0.010061927497917079,0.004245789587272542,7349.818658471116,6939.831170983129,0.1323484264178806,0.02251102226469244,-131.62074736448776
2.2731688255614554e-6,224.70071915495075,3503.7664899088923,-0.006658598849561958,0.012949963474306622,3.0691907280295246e-6,365.25626608264776,3624.4041200689485,0.007332858966763409,0.01001461318771505,0.00430493249058461,7386.328856463958,-445.5784585971803,0.13259162296439334,0.022038159405793813,-131.9268789077921
2.269631100008745e-6,224.70071737607304,3503.766517468291,-0.0069845910641180686,0.01289369576853503,3.067510825869469e-6,365.2562591188665,3624.4041807277677,0.007061436892811958,0.009975951674596703,0.004362930650272381,7423.020418735216,6941.692059482538,0.13289216316220195,0.021569608264613925,-132.22928615701147
2.2661085008931155e-6,224.7007155442302,3503.7665457404514,-0.007303081751324353,0.01284800221281585,3.0658277197445007e-6,365.25625181131807,3624.404244179134,0.006794973078039914,0.009946324229941506,0.004419797508056301,7459.894246211295,6942.650031443335,0.13325627707610999,0.02110283500979999,-132.52791705485618
1.6861769451447306e-6,224.70081115313465,3503.7649871741446,-0.026410869500877943,-0.009548090400870974,2.6838289898913345e-6,365.2565823510108,3624.4017956528287,-0.016788303483497097,-0.002496325574721401,0.009357164043507862,7496.951244293951,4790.978945307865,0.06644630711152745,-0.006812080558908723,-132.49767802112564
1.680768266025288e-6,224.7008125254388,3503.764961899595,-0.026252179218474,-0.009285339397064203,2.680907256949715e-6,365.25659419117505,3624.40171736966,-0.016790721787974923,-0.0022378441341079675,0.009649614915356534,7534.19232288252,4786.854079834763,0.06629201862820333,-0.007356350084837463,-132.66453295114098
2.255665224997968e-6,224.7007097250825,3503.7666348565403,-0.008214769845603482,0.012776623227870782,3.060755469828525e-6,365.2562277697069,3624.4044517070965,0.006025111563774259,0.009913352464929446,0.004582251567659427,7571.618396396259,6945.578856234328,0.1347466260397028,0.019708342684832583,-133.40063292020724
2.2522143473106238e-6,224.70070766386,3503.7666661704257,-0.00850675277140002,0.01277530398890798,3.0590459828747373e-6,365.2562189940268,3624.4045270555944,0.005776375055295306,0.00992130417270609,0.0046335475251058425,7609.230383796799,-662.6717862598645,0.13538480743220965,0.019241249773167428,-133.6836419960347
2.2487804073866953e-6,224.70070553798166,3503.7666983337062,-0.008793223485821735,0.01278582611291923,3.0573262693148763e-6,365.2562098157001,3624.4046056629822,0.0055313581006261716,0.009939180980761369,0.004683168554072884,7647.029208610711,6947.535710228068,0.1360993930070401,0.018771722512073014,-133.9626199873109
2.245358996748703e-6,224.7007033398299,3503.766731447571,-0.009075746841441207,0.012808483744283578,3.0555904771508876e-6,365.2562002075868,3624.4046877486053,0.00528892176394418,0.009967140662156131,0.004731183964178729,7685.0157989521795,6948.497807182698,0.13689377220383456,0.018297851982166116,-134.2375194138792
2.2419484940235103e-6,224.70070106993734,3503.7667655075657,-0.0093545794417036,0.012842570840178456,3.053839307435083e-6,365.2561901755207,3624.4047732698946,0.005048892199829435,0.010004571791188046,0.0047776126052022075,7723.191087545793,-773.7387616157781,0.13776758418745083,0.01781872269041792,-134.50829499339957
1.6444696148361227e-6,224.70082210466998,3503.7647874606537,-0.02493885544859381,-0.0077317556405534366,2.661729006323427e-6,365.2566757465343,3624.4011847620172,-0.01660842942340111,-0.000675939606356314,0.01181605198411707,7761.556011749456,4759.793711769014,0.06523462293626121,-0.010406694241099959,-133.65308019965764
1.6376651868161928e-6,224.70082394231756,3503.7647542929303,-0.0246576617946476,-0.007481795694623742,2.6581813772603194e-6,365.25669124272616,3624.401085258819,-0.01654484239159212,-0.0004173542712097136,0.012261300612624992,7800.111513577368,4754.798401707619,0.06503910151755131,-0.01086357445996843,-133.81482324040766
1.6306280795504499e-6,224.700825858935,3503.7647198026934,-0.024359683850623027,-0.007235585510336766,2.654514615098051e-6,365.256707351249,3624.4009824590066,-0.01647253492810927,-0.00016032145080222985,0.012735602649534028,7838.858539723207,4749.646443859319,0.06483838643040024,-0.011302723465414437,-133.97534174954419
1.6233672840741634e-6,224.70082785608443,3503.76468397071,-0.024045763759646965,-0.006993861732365383,2.650728817264231e-6,365.25672407585597,3624.400876449013,-0.016391864081571488,9.438238060696121e-5,0.013240601298941364,7877.79804158334,4744.322221840419,0.06463263095767272,-0.011722627461515839,-134.13446053070672
1.6158980286114802e-6,224.7008299344315,3503.7646467900477,-0.02371684519617284,-0.006757289092879142,2.646827050389603e-6,365.2567414167339,3624.400767354725,-0.01630318406836999,0.00034605472306209175,0.013778110683597532,7916.930975280191,4738.809483618519,0.06442211169862032,-0.012121746971455072,-134.29199063077357
1.6082316412971343e-6,224.70083210440535,3503.7646081221587,-0.023375054390666467,-0.006525571114017144,2.6428107359393e-6,365.2567594270911,3624.400654866391,-0.016207715545512466,0.0005943675773707503,0.014349865667295509,7956.258301685721,4733.128030474981,0.06420624378295112,-0.012501030016884246,-134.44773366059144
1.6004082741259185e-6,224.70083436339718,3503.7645680172545,-0.02302187441818818,-0.006299617932657953,2.6386948044265e-6,365.2567780780055,3624.4005393205116,-0.016105848003688927,0.0008383349609565804,0.014957081080670453,7995.7809864450155,4727.251156539071,0.06398533718225578,-0.012858771333064827,-134.60148741959216
1.5924574470705118e-6,224.7008367176792,3503.764526401712,-0.022659402579248738,-0.006079677603585522,2.6344897590034777e-6,365.25679738655145,3624.4004206848463,-0.015998536737218374,0.0010773112029109277,0.015601085656834775,8035.500000000002,4721.176035834423,0.06375922808595683,-0.013195427531641376,-134.7530524110028
