mu_1,P_1,t01,ecos1,esin1,mu_2,P_2,t02,ecos2,esin2,mu_3,P_3,t03,ecos3,esin3,mu_4,P_4,t04,ecos4,esin4,tcos,tsin,dphi,lprob
1.9066056677244834e-6,224.7007524469735,3503.769157170398,-0.09884035512008763,-0.008450242477638691,2.463047644763524e-6,365.2563828893905,3624.4081229420904,-0.06887821132260855,-0.005877875406345514,1.050921961459364e-10,657.4500000000002,-53127.68796289822,-721.0413208092461,-256.22283325854136,0.0008405420299360761,4687.127129940869,1179.0947410215222,0.02216957534540886,0.12284803311236131,-0.0005457693804458729,-0.0016441174972173858,2.2673298711875907,-28.585154111914306
1.7666006101404752e-6,224.70074289943355,3503.7692778247724,-0.10229998273163483,-0.007025177371241746,2.443653148894376e-6,365.25637261646807,3624.4082239264135,-0.07204953938030374,-0.004679520061000399,1.8634764912138254e-10,658.7839873697079,199.38674506811427,-541.8541335107191,-1.3942614305113687,0.0008241219412450571,4750.379039004285,1125.9586140667727,0.01943635304411742,0.13351323403229662,-0.0006239658373615473,-0.0018260012642208538,2.2656508856117576,-26.07073134793888
1.62676946626364e-6,224.700736624092,3503.7693452484004,-0.10179037496552222,-0.005530694751183363,2.4438057876439345e-6,365.2563661479871,3624.408285231084,-0.0719107942016746,-0.003469580930613311,1.0200951813409421e-9,660.1206814430471,129.5790492954036,-107.97741046602289,-1.656972275389068,0.0008331084556202508,4796.234092902714,1084.9093429133538,0.020063916301952676,0.13847347900508955,-0.0005992246372856375,-0.0020155137456252204,2.2699567411643327,-23.470670265493382
1.533166946516517e-6,224.7007311699645,3503.7693903953827,-0.09980712835287335,-0.004440638279345159,2.452921483810808e-6,365.2563630919604,3624.4083155027633,-0.07035946879748063,-0.002549586063890592,2.2860543771525385e-8,661.4600877120073,418.2153469599976,-5.2080154240814585,-0.21302030442130435,0.0008425020969827247,4831.510934438284,1051.9426102177104,0.02140164554268611,0.14078900940332678,-0.0005469570253049319,-0.0021700318280334263,2.2741682133629677,-21.214704697521288
1.4794776905950427e-6,224.70072396707795,3503.769443358553,-0.09716931143950795,-0.001973821624965674,2.4690698363569084e-6,365.2563646872527,3624.4083030131987,-0.06800631528358315,-0.0005226752775261933,9.340557824994958e-8,662.8022116797206,451.8774456656046,-1.4605230429839984,0.00484696880432524,0.000843433148114642,4867.039893211895,1025.0246892585199,0.024547707875244993,0.14152107231311656,-0.0004904765934695198,-0.0023174948481049945,2.2772435343850366,-19.03683515195385
1.4278882902145446e-6,224.70071813143875,3503.7694550119077,-0.09308036388295475,-0.0016313298780173137,2.4908425566768057e-6,365.25636436087575,3624.4083108668547,-0.06456376320312858,-0.0001766060906005947,1.4856250497633388e-7,664.1470588604873,427.61801595177764,-1.003278392720851,-0.036976619511136184,0.0008606968159197178,4898.677923730349,993.0628597244848,0.027122350107403027,0.1397771356924664,-0.0004081714006161275,-0.0024493811605680975,2.2813897307547077,-16.940799023154675
1.3970579389045563e-6,224.7007125249149,3503.7694284713184,-0.08790296962830038,-0.0031382239447888044,2.5175587260572347e-6,365.25636250829047,3624.4083362770425,-0.06025830498531097,-0.001293679085306408,2.0365688243715808e-7,665.4946347797944,400.65900320865364,-0.7898748554985604,-0.0859980190027961,0.0008914236591066137,4928.757750505914,953.8633746330943,0.028619745743345307,0.1358271691893768,-0.0003182529193702395,-0.0025599029540876238,2.2854251127416827,-15.009818571275293
1.3957100459060135e-6,224.7007065885152,3503.769353656944,-0.08156497399277786,-0.006155839789181871,2.550517220413063e-6,365.25635963812107,3624.4083751583958,-0.05500144742092753,-0.003593320683723881,2.697360910806392e-7,666.8449449743407,375.85011256618253,-0.641350615483442,-0.12386262918800142,0.0009377770460001906,4960.174364187544,903.0984951089682,0.029176983538244855,0.12918482642434814,-0.00022343558479965387,-0.0026489275766409044,2.289277233070619,-13.499001314285398
1.7104791436444119e-6,224.70080770599793,3503.767405250565,-0.08329543696404997,-0.017241942940084628,2.537208711057188e-6,365.25634750434733,3624.4084789980157,-0.05551394390772765,-0.0103445847425348,5.377786044017438e-7,668.1979949920594,556.6896909183797,-0.32387881831451865,-0.021381827999337594,0.0008709536369784333,5072.129143924494,714.1041840559892,0.0132358781977544,0.13743603293796294,0.0006700212465037651,-0.001365426584058184,2.3094471525619458,-9.870464732980075
1.7045044763091874e-6,224.70081654730868,3503.7666889620787,-0.07492578757387897,-0.016309304680492923,2.582285121821071e-6,365.25634470371347,3624.408516825044,-0.04857973957936118,-0.009597943201076027,5.968490180270212e-7,669.5537903921407,545.8717293024398,-0.33944089375070613,-0.01441517778082531,0.0009384533841434275,5148.9377590184085,619.5282921404804,0.02096339089061533,0.12652658959355084,0.000782469023834005,-0.0013471657350162868,2.3080661326589214,-4.221450633282031
1.697782573907083e-6,224.7008259877762,3503.76561861787,-0.062277301521834576,-0.017915877318381228,2.648970438346953e-6,365.256343406189,3624.408547086705,-0.0384487531352657,-0.010952976301557725,6.524605320421498e-7,670.9123367450536,535.6381094890702,-0.33930127076557626,-0.003659075233798054,0.0010885716908009757,5213.943846145715,499.23202182426644,0.030040093487552707,0.1036110826945609,0.0008548828582373,-0.0013184130884670096,2.3090055918185075,-3.358563108208677
1.7315306166566474e-6,224.700831560599,3503.763744742113,-0.04848358279369059,-0.02124465828160319,2.721763503865455e-6,365.25633964081334,3624.408604250043,-0.027634798831753564,-0.013707187054760688,6.848275761632068e-7,672.273639632572,524.8552159628762,-0.32141022940019354,0.00642297661927809,0.0013451748161899086,5291.618258039454,305.2832753887383,0.036739505956184665,0.07586812675798328,0.0008325677153485573,-0.0012821289471328873,2.310560467489583,-11.292475404471205
1.7406523847702545e-6,224.70085148544825,3503.7588165801503,-0.012876204713816154,-0.016800551424582717,2.909129196887182e-6,365.2562392191153,3624.4098417870696,0.0004640123327734628,-0.009458582388065717,1.981446340815418e-7,673.6377046477934,741.2304443586661,0.23066193683497607,0.8449656745339407,0.0054372401481130135,6883.92052991546,-2203.5486188457044,0.05660114361422378,0.009578771901804777,0.00013156381420731966,-0.001437868828193953,2.291299603954949,-7.1255892239237095
2.2518388397336256e-6,224.7007697232605,3503.7677006131885,-0.006656626549290744,-0.0015746042698670613,2.973834017616799e-6,365.25645683602596,3624.407451470086,0.006808080528817323,0.0015889508717079118,4.3745465910205985e-7,675.0045373951643,476.56710824626924,0.12556348430466424,-0.010877346505238665,0.0012336696505713264,4229.872112804519,524.3637078909102,0.023888484242364564,-0.027282106148478088,7.664025415775426e-5,-0.0018462726242972304,2.3149816299077495,-10.450960607910762
2.3050437513145024e-6,224.7007725691445,3503.768434942919,-0.00594445686480046,-0.0011466218750822437,2.979914655530796e-6,365.25645863622435,3624.4074330021976,0.0075935023767930675,0.001826801765455198,4.2410553277518634e-7,676.3741434905032,464.03649067273096,0.11605150192707041,-0.00271057403439411,0.0012079530919566958,4246.889558455682,497.35933121059463,0.022238285896560746,-0.02863741680161435,8.576117021659781e-5,-0.0017845923652488448,2.315289037517026,-8.834699132352787
2.3545626930698196e-6,224.700775729242,3503.7685696744147,-0.005162256829423132,-0.0008044486884398178,2.9857951527485235e-6,365.256461474705,3624.4074068754103,0.008393607676713544,0.0019912336534600515,4.124617535106859e-7,677.746528561023,451.8840686763443,0.10477642604137406,0.007133793676272825,0.0011788176199380414,4258.825367857491,480.0990270186264,0.020523629268780555,-0.030178027615005352,8.457332636734843e-5,-0.0017251724000770568,2.3149873854962113,-7.834958768330932
2.4013119703708037e-6,224.70077851953582,3503.768611339385,-0.004397750330340135,-0.0005724420702814721,2.990975818129391e-6,365.2564651158302,3624.4073746770864,0.009143621766209758,0.0020720307953279783,4.0095131336522774e-7,679.1216982453543,439.69696259437194,0.09458889767079874,0.01369370978383188,0.0011491192043501098,4266.570893987173,469.4082453205699,0.0188257707549462,-0.03188127996108583,8.037212195377566e-5,-0.0016748114194537554,2.314307120950312,-7.268848701431743
2.445236455720912e-6,224.70078081895903,3503.768625666409,-0.00370662492687004,-0.0004258834198591254,2.9953380150034896e-6,365.2564693904009,3624.4073375581684,0.009807657582214675,0.0020946191353450163,3.89570556321733e-7,680.4996581935683,427.45553918412963,0.08642026268081068,0.01743906562623234,0.001121074892829892,4271.086275078594,463.1610103445173,0.017235565470201258,-0.03365547888993433,7.561730676204355e-5,-0.0016334694133016644,2.313435912374538,-6.986604803209003
2.4862320356411458e-6,224.70078267409014,3503.7686298671915,-0.003111326348963348,-0.00033636507273666845,2.998935181359034e-6,365.2564741977501,3624.4072961861343,0.010375312054676223,0.0020835770227599047,3.786769177920045e-7,681.8804140672022,415.1612289663129,0.08022137491388323,0.019383247663282272,0.0010957469765356751,4273.131541360629,460.0490209200059,0.015820283029843903,-0.03541551549003061,7.124201097318767e-5,-0.00159955626010419,2.3125035079297356,-6.8832820361097395
2.5242900806337523e-6,224.7007841602255,3503.76863001613,-0.0026118044193656855,-0.00027919825969135634,3.001899340482119e-6,365.25647945693714,3624.4072511763,0.010852177728253622,0.002058575258457285,3.6840548481038514e-7,683.2639715392787,402.7980092352905,0.07573790999462139,0.02021373864421134,0.0010734813320933908,4273.395600923455,459.0426286511648,0.014620635446515208,-0.03710100341366923,6.760595060111708e-5,-0.0015714928743627496,2.3115924226071067,-6.890507675844594
2.5593420711750186e-6,224.70078535085293,3503.76862859742,-0.0021966606139602455,-0.0002408875735199029,3.004381272062547e-6,365.2564851122069,3624.4072029946183,0.01125098429139666,0.00202966642004675,3.586683291184124e-7,684.650336294332,390.3528426668619,0.07272604915705297,0.020265018782478723,0.001054184493226634,4272.402683043908,459.4947127438131,0.013650035355756892,-0.03866784362339609,6.490869763053615e-5,-0.001548052348396132,2.3107583214410026,-6.96518788952085
2.591356536284387e-6,224.70078630587517,3503.7686267323097,-0.001851366736415703,-0.00021424281596691964,3.006518228962036e-6,365.25649112501856,3624.4071520003686,0.011585556711536051,0.0020018120799248766,3.4917357033195383e-7,686.03951402843,377.82985053377035,0.0710452912875633,0.01959397483393801,0.0010375750178359588,4270.548425462271,460.9775108440347,0.01290554674093079,-0.04008570661647866,6.331170456455797e-5,-0.0015283063151217485,2.3100402459979077,-7.080362284148316
2.3200805587913e-6,224.70076908632458,3503.768948366735,-0.08518054224008029,-0.03203069370809925,2.5263204249991607e-6,365.2564369841932,3624.4076618511717,-0.05684633155741733,-0.023392027781875904,7.998793966018415e-8,687.4315104491986,332.55342513493133,-0.22936776708417295,-0.4192976989491623,0.0007338101099671296,4488.103431003132,1250.794205430231,0.008569865189241561,0.1153043787631091,-3.16008395626903e-5,-0.0012536182600616861,2.311098848417013,-34.08762989093086
2.3160099617293428e-6,224.70077042226606,3503.7689278127536,-0.08416569287322857,-0.03229850581132393,2.5309330892078096e-6,365.2564380453733,3624.4076557442177,-0.056034602745853423,-0.023681820551469463,7.893372370563465e-8,688.8263312758445,328.33847226386894,-0.25511710301144347,-0.3964821980844712,0.000735795056928217,4486.9084067366375,1249.342856340417,0.008692183183053166,0.11407820469473676,-5.423887145839669e-5,-0.0012501205533404244,2.3087720251115744,-33.97221733893914
2.3180898856036752e-6,224.70077187657432,3503.7689054563025,-0.0831103106049016,-0.03253939853127038,2.535771625811114e-6,365.2564395310482,3624.407644896089,-0.05516192219060649,-0.02396099737823552,7.82626646756612e-8,690.223982239178,324.6340111280058,-0.2709967938761106,-0.37052621547090175,0.0007379744196903539,4482.952450335376,1249.772349782259,0.008219278711993036,0.11263257698095168,-7.853248910372411e-5,-0.0012438989845454385,2.3062873684321374,-33.8745601736748
2.323315627415264e-6,224.70077326262975,3503.768884232344,-0.08213745397592796,-0.03275717595537631,2.540208361112727e-6,365.2564412065508,3624.407631701127,-0.05434071903132356,-0.024222619382666427,7.89798702560816e-8,691.6244690816396,322.33135391772976,-0.2828061064539909,-0.33961598021364614,0.000740096351594406,4477.453748308223,1251.2154688423086,0.0072886763616462685,0.11107412293258556,-0.00010110834419385858,-0.0012370552257191505,2.303986540249094,-33.78612515622915
2.329990429061689e-6,224.7007745044043,3503.7688653588452,-0.08130856995971811,-0.03295355861084689,2.5439743538358044e-6,365.2564427581129,3624.4076193828996,-0.05362850272162252,-0.024460424606465674,8.173936831472581e-8,693.0277975573194,321.72346161731474,-0.29245827173134287,-0.3029929288832901,0.0007419140817265449,4471.207040598863,1253.194537652231,0.006063430010268204,0.1094605843283469,-0.00012045127290694569,-0.0012302545222727713,2.3020338614742797,-33.70132143244231
2.3367927293075483e-6,224.70077558072933,3503.7688491565905,-0.08065639760928853,-0.033134511406928434,2.546966709710574e-6,365.25644374930897,3624.4076123652135,-0.0530572298203823,-0.024673373997240126,8.687542627689557e-8,694.4339734319834,322.44799118211887,-0.29968089864019376,-0.2617350559369478,0.0007431709734287314,4464.8719487271055,1255.3547108589626,0.004712182389006782,0.10783766349527,-0.00013641775180064635,-0.0012236461435327667,2.3004630910022645,-33.618347220509584
2.34279606987662e-6,224.70077650523407,3503.768835364854,-0.08018898553055633,-0.033297851269163875,2.5491999378189845e-6,365.25644368352476,3624.4076156066885,-0.05263729741865659,-0.024856648423598117,9.436366815256997e-8,695.8430024830964,323.67270234978355,-0.3034859738653779,-0.21852211105833994,0.0007437651449992288,4458.884790427579,1257.5496206608993,0.0034025729424069315,0.10622948523655217,-0.0001497208713877187,-0.0012171664640028296,2.2992156170509843,-33.538144075614504
2.3474917929057987e-6,224.70077730381473,3503.768823525742,-0.07990175635207938,-0.033444934067862406,2.5507396734079643e-6,365.25644207304975,3624.407633969709,-0.0523669667922924,-0.025010025729617677,1.0393144332050435e-7,697.2548904998458,324.4334777809792,-0.303213156330822,-0.1764478123932706,0.0007436305302332679,4453.5509997194,1259.689007341202,0.002260194705361695,0.10466821794323297,-0.00016142863173470125,-0.0012106487638297904,2.29819263791102,-33.463010038529355
2.3507187306961376e-6,224.7007780035072,3503.76881317937,-0.07978275198023793,-0.03357651672131542,2.551672845919215e-6,365.2564384967436,3624.4076716568434,-0.0522375100178165,-0.025133967938160546,1.1516462732337832e-7,698.6696432831651,323.9463000911473,-0.2990762551015132,-0.13789249058143982,0.0007426920339372519,4449.00690945042,1261.8255882185708,0.0013837365670036675,0.103204195600016,-0.000172571024979222,-0.001203925753128811,2.29729301027707,-33.39550773258509
2.3530568187714186e-6,224.7007786277177,3503.7688039350523,-0.0797964569166578,-0.03369270520164596,2.552175258913699e-6,365.25643272225705,3624.407730946397,-0.052219704008811534,-0.02523010865265354,1.275996325627137e-7,700.0872666457599,321.62908420175967,-0.29179194300186834,-0.10439758300172801,0.0007410378136840027,4445.295374646618,1263.9517633172768,0.0008498874602044081,0.10188271258009063,-0.00018402031841497358,-0.0011965999577059946,2.2964223295778563,-33.337490108215086
2.355099603729473e-6,224.70077919218403,3503.768795526853,-0.07990115168070261,-0.033794495645645586,2.5524239528702497e-6,365.2564246401077,3624.4078125541623,-0.05227938117846984,-0.025301967484786313,1.4099735720135487e-7,701.5077664121278,317.1949277265845,-0.2823263528928746,-0.07643585130271507,0.0007387740680966353,4442.378404778146,1266.084478392961,0.0007047246155224211,0.10075137314924255,-0.0001963706317670875,-0.0011884604448901175,2.295509975024015,-33.28898372291603
2.3572562286416485e-6,224.70077970468682,3503.768787817362,-0.0800473674373576,-0.03387565275238482,2.552602830541938e-6,365.2564141412688,3624.4079164539717,-0.05237663969408779,-0.025348673041233862,1.5564023848547609e-7,702.9311484185856,310.6037830381244,-0.2715089716711001,-0.05376638769418068,0.0007361937070632042,4440.217217252969,1268.1578306122615,0.000971053954698012,0.09981999335808085,-0.00020986925614747943,-0.0011796066233829825,2.294514090245278,-33.24719755944029
2.35973852814747e-6,224.70078017138366,3503.7687807080342,-0.08019371243009417,-0.03393019117268611,2.5528432830399236e-6,365.25640101753186,3624.4080424950203,-0.05247809790808083,-0.025369937996849546,1.725133672836502e-7,704.3574185132917,301.90947127041454,-0.25995983682592844,-0.035964100282449674,0.0007335932927815918,4438.72441405996,1270.1192002850212,0.0016316062397807897,0.09907476777073276,-0.00022448103677514663,-0.001170281520142533,2.2934187671262953,-33.20631418166048
2.36253149073437e-6,224.7007805966076,3503.7687741456543,-0.08030445228195575,-0.03393995045702306,2.5532514811296467e-6,365.2563847500662,3624.4081920957747,-0.05255538490717008,-0.0253556214137397,1.9338151774570007e-7,705.7865825562709,291.2824159490798,-0.24815822404518903,-0.02251600672447899,0.0007314477414359574,4437.8766210223275,1271.8179710192069,0.0026628446541619626,0.09844866480407562,-0.00023984611319917052,-0.00116092260706359,2.2922357245209404,-33.15842576620916
2.3653982068210433e-6,224.7007809894602,3503.768768018192,-0.08036546668639623,-0.03388998906925176,2.553850780777534e-6,365.2563643835735,3624.408369191001,-0.052597423503138216,-0.025296856376081776,2.2061129357925512e-7,707.218646419438,278.990037214291,-0.2365805347938658,-0.012897411677491276,0.0007301038482454436,4437.569945688872,1273.2375943832394,0.004016873284896444,0.09785886577319233,-0.000255431130910703,-0.0011520671393418461,2.2909999202006976,-33.09545794352851
2.3680586295424844e-6,224.70078135921162,3503.768762217841,-0.08037447724082394,-0.03376411899133451,2.554634512876959e-6,365.25633850015305,3624.408580492924,-0.052602272231005304,-0.025182303890176633,2.56654525374036e-7,708.6536159866215,265.4321694331114,-0.22568109486829618,-0.00650028521001545,0.0007299332183240816,4437.732658081688,1274.3356628360978,0.0056339407754416575,0.09719767065414454,-0.00027041145404951155,-0.0011443911466576123,2.2897799743749605,-33.01210564034965
2.3699609679395147e-6,224.7007817145516,3503.7687566452446,-0.0803555381734671,-0.03354295977380923,2.5554966657932066e-6,365.25630528629443,3624.4088363382857,-0.05258914284621278,-0.024995934808730646,3.029311112971805e-7,710.0914971535907,251.19352367192596,-0.21586906095659425,-0.00249579060961292,0.000731197272974056,4438.169256089884,1275.300746235665,0.007408448628697856,0.09635742915484481,-0.0002833726724453632,-0.0011389841184226205,2.2887092973940413,-32.910604135739824
2.3699798261970292e-6,224.70078205151103,3503.768751377607,-0.08036657775100577,-0.03323486702595393,2.556193639596624e-6,365.2562629233078,3624.409152027831,-0.052603952675531016,-0.02474056078561622,3.5754704300445046e-7,711.532295828075,237.00154367224556,-0.20746173692724454,0.00010392947557297072,0.0007337737420611079,4438.59972815032,1276.438082997759,0.009112611308481573,0.09526420210948296,-0.0002922655876929315,-0.0011376069183410401,2.2880100664020104,-32.807763670067004
2.366576422104755e-6,224.70078234909923,3503.7687467319292,-0.08050193408900484,-0.03286222510709591,2.5563345129364612e-6,365.2562108770699,3624.409544096407,-0.05272186619956328,-0.024426928548075415,4.132116210476882e-7,712.9760179297919,223.50810921878545,-0.20065245613159188,0.0021808692616355958,0.0007369567693411739,4438.563690561736,1278.4579948270118,0.0104418809179849,0.09396415715688804,-0.0002946378739541966,-0.001142250128816626,2.287951107310605,-32.740277408488986
2.358243682561974e-6,224.70078256643305,3503.7687432922726,-0.08086894761827564,-0.032474692241727755,2.555475481082413e-6,365.2561516329576,3624.410020654315,-0.05302797465319799,-0.02408684283789838,4.582096138209427e-7,714.42266939047,211.05949584095143,-0.19549014224788042,0.004181438138876329,0.0007393117175466568,4437.710714682508,1282.104398859338,0.011107577504008426,0.09269104950488895,-0.00028894308892749525,-0.0011540353628840374,2.2887028396464357,-32.757387035235055
2.344364459125579e-6,224.70078266230652,3503.768741621906,-0.08152907964752285,-0.03212239136558796,2.5533591880639965e-6,365.25609105316124,3624.4105737251557,-0.05357063404662719,-0.02375668699437665,4.822526300531367e-7,715.8722561538736,199.64952553520607,-0.19182978126786673,0.006053257832432542,0.0007392967112115546,4436.046133766438,1287.7310135907019,0.011011601186735788,0.09179543244501004,-0.0002758249688963159,-0.001172111011389063,2.2901836674876384,-32.89428129445467
2.3252998643967976e-6,224.70078261734602,3503.7687419712515,-0.08243520887790377,-0.03181973721596161,2.550172515155887e-6,365.2560339182833,3624.4112035557982,-0.054314099781261276,-0.023451903582595777,4.838829941726711e-7,717.3247841758266,189.07847833400342,-0.18925380837412134,0.007559234189154952,0.0007364200581180622,4434.139474420173,1294.776700816393,0.010367318296394467,0.09150862863268062,-0.0002582674460776791,-0.0011941755181656137,2.292064757696175,-33.1446518470349
2.3013746802812875e-6,224.7007824525625,3503.7687440201976,-0.08349347012563789,-0.03152115099912037,2.5462829127037966e-6,365.2559772352517,3624.411968306084,-0.05518899795820849,-0.02314396148780811,4.7140272151512057e-7,718.7802594242391,179.16645275604174,-0.18716015352507956,0.008714769989953783,0.0007312040281335263,4432.617266632285,1302.5708086869245,0.009566797219451233,0.09186070124294829,-0.00023977053772721328,-0.0012182578162546163,2.293977572504843,-33.46322909833534
2.272275006716182e-6,224.7007822066122,3503.768747232479,-0.08460822882781553,-0.03113403280043189,2.542079191428805e-6,365.2559032904701,3624.413056598871,-0.05612697911579651,-0.022766049205149574,4.5806635184374706e-7,720.2386878791287,169.93032499750996,-0.18466098614092147,0.010177474710081267,0.000724887432796316,4432.024290897425,1310.5505773935947,0.009025925728547695,0.092678879592903,-0.00022272706118595687,-0.0012439230202291789,2.2956818578674,-33.795546600036424
2.2364289001397906e-6,224.70078191388882,3503.7687511675654,-0.08575162776217617,-0.030539368442342774,2.5376912006410554e-6,365.2557694303696,3624.414910389801,-0.05711455650782939,-0.02222639173087121,4.569135398511544e-7,721.7000755326471,161.68615301634784,-0.1804468502819742,0.013475964059599908,0.0007184704956284681,4432.669356129073,1318.7214118371057,0.009058599243645014,0.09375681223836167,-0.00020785042434014843,-0.0012724675856028514,2.297106309255484,-34.10266540158454
2.1916682179473436e-6,224.7007815917378,3503.768755673566,-0.08693686573928823,-0.029612896806776014,2.5331121268218664e-6,365.2554783416605,3624.418544712782,-0.058170040281298074,-0.02142696356246107,4.802564212643806e-7,723.164428389104,154.98009845989543,-0.17250131345675337,0.020679701834116136,0.0007125673392103717,4434.747766332005,1327.371975200577,0.0098836653771237,0.0949172605745873,-0.00019479065520447222,-0.0013060862360567433,2.298276162326744,-34.36517463604592
2.1353969319468705e-6,224.70078124355666,3503.7687608757446,-0.08817973976297874,-0.02821916514991102,2.528370380334568e-6,365.2547720983436,3624.4266324045625,-0.059314336521413186,-0.020261583617270384,5.438362976648818e-7,724.6317524649927,875.2010746417839,-0.1577108260208113,0.033707395832013855,0.0007074493237472305,4438.357144711771,1336.9881695195643,0.011685491201426337,0.09601200763318862,-0.00018286249033677978,-0.001347550183446709,2.299243886527837,-34.57242649867987
2.06349923423235e-6,224.70078084502174,3503.768767578903,-0.08944142955851098,-0.026170055232484578,2.5238049460310758e-6,365.2527642666961,3624.448185005273,-0.06053149811328573,-0.01858935223797193,6.793685543268988e-7,726.1020537890134,149.81693596171561,-0.12971578676421977,0.05347235857057963,0.000703492188948492,4443.812076814676,1347.8718008809306,0.014808867637157717,0.09678778805147314,-0.0001721253492473498,-0.0014011542910526533,2.300010884016084,-34.69652072612957
1.9734820272486562e-6,224.70078027599376,3503.7687793858554,-0.09027732877598914,-0.023236429900608035,2.5216664879313085e-6,365.24497291310365,3624.5276285011473,-0.061491097346556965,-0.016282803774599945,9.85252935752394e-7,727.5753384020986,155.03637896868935,-0.06935219335029308,0.07229784828575274,0.0007036071088350751,4452.497782838024,1357.3698920002032,0.020259680052747045,0.09623594989143285,-0.00016748912246776325,-0.001471779968059774,2.3002447223320686,-34.58852858894616
2.213302570323509e-6,224.70078951948688,3503.768628300036,0.010990258700590921,-0.002630173444446842,3.0565400893625876e-6,365.2389023055703,3624.6667167069986,0.020851392311360677,0.00018010859174563817,3.045941466806857e-6,729.05161235744,178.11262581086484,0.09343223402474604,-0.004031091199842352,0.0008067484768825506,4322.874923087046,388.9198341959618,0.02245421361951384,-0.05297026757372541,-6.921460567559173e-5,-0.0018205663862239465,2.305929095357487,-6.715338283625955
2.5139477090560177e-9,224.69180163215486,3503.6142188034837,21.75706430724983,-12.441815966476595,-5.453499687022587e-10,365.25158843898396,3625.7337133727156,-0.06316270579935132,-0.01847994621573107,2.050660727837405e-8,730.5308817205093,144.72743210378476,0.030123665972300963,-0.010428098423350084,0.004034048883355324,549902.0921804861,634113.7384345294,19945.775197017603,-140.89281768558095,0.001199064751481402,-0.002867167754786144,-47.90578589213257,-119.80770598394038
2.3755295635209123e-6,224.70078954074552,3503.7686331950554,0.0015339236940099812,-0.006633021396467143,3.0091243100672472e-6,365.2805033414854,3624.252571920309,0.014027289244318049,-0.0031073666007735393,3.580173953800604e-6,732.0131525690857,142.35146706380868,0.0866250094402869,-0.009977412516592976,0.0009408163945154875,4300.743849509465,460.4188921446099,0.024999041836089843,-0.044080107884879614,9.98214141512098e-6,-0.0016644836694291738,2.3102963256916538,-4.410470798987117
2.568408273134318e-6,224.7007897575198,3503.7686303604355,1.5512660946026798e-5,-0.008070415989680616,3.005535229704286e-6,365.2678671267456,3624.3229992625156,0.01322745261540377,-0.0044335598254859245,3.406532131171086e-6,733.4984309932809,123.20138083572189,0.08778389173952662,-0.008652693677044888,0.0009547402228106493,4287.3528802097135,488.7447878003693,0.019212139064638388,-0.043608070018093546,1.6022320416233053e-5,-0.0015370443065511486,2.310143892142047,-2.8270152045422527
2.7405966460504908e-6,224.7007901087644,3503.7686210231027,0.00016080164326324383,-0.008151553149243713,3.010181044885087e-6,365.26289108861073,3624.358831658779,0.013584669811422104,-0.004585941272187665,2.9707061161069277e-6,734.9867230955631,107.27954079079332,0.09006861356058339,-0.006439611724951941,0.0009405797110031951,4272.641173713825,503.9670465886417,0.013462972349525365,-0.04576145761314483,1.1289563035781096e-5,-0.0014333963962577026,2.308835144463589,-2.7546960981714075
2.852169813229322e-6,224.70079043863973,3503.7686116667332,0.0008401845877138514,-0.007994274181192333,3.016910954868904e-6,365.26035636213,3624.37802063723,0.014236352310020572,-0.004520410729230547,2.4948822818005084e-6,736.478034990783,92.24188847976438,0.09282348357213932,-0.004355948966118351,0.0009188950975270969,4259.983283677167,515.2948370611225,0.008749805847383513,-0.04812929168086827,2.8565298287533556e-6,-0.001369148654064492,2.307383528901185,-3.7429369922501947
2.9137933972810612e-6,224.70079073811374,3503.7686034477356,0.0015493433150259946,-0.007801577458079839,3.023298791370955e-6,365.258957006931,3624.388781868777,0.014837036294138383,-0.0044055738219981756,2.053236342689997e-6,737.9723728061977,77.21741178084463,0.09598068072457351,-0.0019072964095774186,0.0008991956642605589,4250.312091987442,523.7123080773074,0.005358269976687233,-0.05010404020331656,-5.196609202011988e-6,-0.001334878939386044,2.306194947069885,-5.15994785744755
2.9415982951473644e-6,224.70079100346047,3503.768596516154,0.0021181089468412418,-0.007570390006960318,3.0285522383156624e-6,365.25814119264726,3624.395068019618,0.015288379007589531,-0.004240039278774441,1.6669772955145916e-6,739.4697426814987,61.92472828866742,0.09959911805980419,0.0014077019504075841,0.0008846287588176277,4243.679461645251,528.7763087431721,0.0032825230309865825,-0.05162228897472321,-1.130551447422847e-5,-0.0013204407474755266,2.3053476542841747,-6.614402995645061
2.948585587747548e-6,224.70079122406761,3503.7685909148813,0.0025617733562626793,-0.007308634103064749,3.032757427675116e-6,365.25764380581575,3624.398873391816,0.015622343774541157,-0.0040360880210079395,1.3395956059306674e-6,740.9701507688334,46.3171088776343,0.10387204087144292,0.005906344968243027,0.0008745039842264658,4239.764761394435,530.5124329834189,0.002191801539243629,-0.05278990028355978,-1.5537261419384445e-5,-0.0013185889680629058,2.3047893589301083,-7.920499312963227
2.9443227436932413e-6,224.70079139521292,3503.768586561533,0.002949347658705022,-0.007031056147852491,3.0362816291143924e-6,365.25732925263884,3624.4012417899207,0.015904276601506548,-0.003812817572188537,1.066534612486679e-6,742.4736032328321,30.46475413708831,0.10908855584622885,0.011945913797367414,0.0008670560114757249,4238.013519244796,529.4222223215639,0.0016709264317661247,-0.0537480708545398,-1.8461399462436062e-5,-0.0013242012766836852,2.304432435370093,-9.015390351785625
2.9352797076316425e-6,224.70079151863797,3503.768583296083,0.003332308790467673,-0.0067375594003759535,3.0394396513026737e-6,365.2571241655233,3624.402746541657,0.016181469911805094,-0.003575835262444421,8.388325483639877e-7,743.9801062506342,758.5031432210325,0.11564436618356275,0.02019562412884762,0.0008609305774821074,4237.887921245759,526.0482015797168,0.001411241783901309,-0.05460405167881986,-2.059124402294977e-5,-0.0013337167259884102,2.30419402111311,-9.898360915414134
2.9254632216698617e-6,224.70079160095068,3503.7685809284276,0.003728533317175716,-0.006411652964496199,3.0423982647268584e-6,365.2569869047662,3624.4037178384897,0.016472306368556337,-0.00331513604874875,6.463999587852678e-7,745.489666011912,744.2366241211716,0.12412802121094246,0.032070754696448316,0.0008554853851313705,4238.902031843378,520.8972364815307,0.0012564248576388188,-0.055414643057138606,-2.214935180259136e-5,-0.0013447541460229085,2.3040171458072645,-10.593340758607688
2.9170723915592835e-6,224.70079164928686,3503.7685793024903,0.004131201167900933,-0.006031330842764101,3.045204687737955e-6,365.2568926883301,3624.4043547502556,0.01677417317694052,-0.0030144350045216576,4.799731527596934e-7,747.0022887188967,730.6584175196283,0.13551861558576475,0.05074646300480937,0.0008505872311711395,4240.697131051266,514.3638663336066,0.0011584683755708099,-0.05619015405826776,-2.317230931027914e-5,-0.0013558197766859984,2.303867750579783,-11.129529154770971
2.5182407350876835e-6,224.70078271537778,3503.768735759368,-0.07928996592226273,-0.03983001463059661,2.5608589163580577e-6,365.2564772364673,3624.40737851972,-0.0511627952342649,-0.030033709325399154,6.94506464634974e-7,748.5179805864057,795.1282441822473,-0.09700709714762848,-0.08288125154145887,0.0006798114578375933,4388.029518823678,1285.6666807061463,-0.01581187447977369,0.09734542227252324,-0.0002934783335224653,-0.0010312805235120342,2.2890062154085795,-34.145418324264746
2.4821196016582862e-6,224.70078251083928,3503.768739086253,-0.08108960505607787,-0.03800985229610878,2.552825911968826e-6,365.25646683911964,3624.4074762912514,-0.05269358459720144,-0.028543056812723698,6.293059419003337e-7,750.0367478418644,783.2089644624912,-0.09666260913980615,-0.07894713093018596,0.0006832500874297057,4395.030446969128,1296.5119500984044,-0.012495723118363427,0.09986855453159792,-0.00027376430920251365,-0.001054156042578691,2.290156145548959,-34.24374257205121
2.457248645010418e-6,224.70078240558044,3503.768740858012,-0.08213947360658592,-0.036851365852584306,2.548009404905509e-6,365.2564626864339,3624.407510700329,-0.053596982354611536,-0.027596995812313306,5.837043036547424e-7,751.558596725335,770.0233828001717,-0.09443627311837562,-0.07720743706641588,0.0006851687823706173,4399.357175897473,1303.3688250866169,-0.010466214784962102,0.10156337851429793,-0.00025856233685307906,-0.0010717474230970549,2.2911319761251696,-34.3265976784361
2.439428280889882e-6,224.70078234864746,3503.768741918987,-0.0828139458192757,-0.03604480287802572,2.544803036949376e-6,365.2564613274731,3624.4075153960835,-0.05418334121360951,-0.0269409240472271,5.513064354631412e-7,753.0835334895403,756.2317097403347,-0.09127935145747632,-0.07673929942725671,0.00068637054577565,4402.4093501934485,1308.0996150696483,-0.009078779188791896,0.10290190122672324,-0.00024594641342405837,-0.0010855357949462719,2.2919750042166447,-34.396524149242694
2.427067374738224e-6,224.70078232296842,3503.7687425572058,-0.08323941392997765,-0.03548443053100806,2.542662314265979e-6,365.2564614793728,3624.4075042192735,-0.05455806305905285,-0.026487299476886248,5.282233745118747e-7,754.6115643998908,742.1079526380331,-0.0874880693907793,-0.0772300348244213,0.0006871053894977012,4404.734534821748,1311.2936213104435,-0.008102801610491334,0.10406103872254754,-0.00023526440447728386,-0.0010961283885019923,2.292706452776118,-34.455673820663364
2.4193380287016967e-6,224.70078232098047,3503.76874290808,-0.08347411070689202,-0.03512153979010748,2.5413371889541207e-6,365.25646250579683,3624.4074845703326,-0.05477012825727594,-0.026195105166084528,5.115164469655754e-7,756.1426957345091,727.7952343264571,-0.08315096379285475,-0.0785362941443073,0.0006874886941568801,4406.615562026088,1313.2193807423728,-0.007417907839833121,0.10512707985012468,-0.00022617659840917152,-0.0011039029927913577,2.2933466224323986,-34.50536922610884
2.415730577410398e-6,224.70078233472944,3503.768743105408,-0.08354474648526403,-0.0349283513265812,2.540715482598152e-6,365.2564639867148,3624.4074613655885,-0.05484244711232488,-0.026040516709550363,4.988773747346841e-7,757.6769337842559,713.3506790672724,-0.07824827536397068,-0.08055994073132611,0.0006877007984746066,4408.318962156878,1313.8665863258334,-0.006938925110136488,0.10612528550288863,-0.00021845545979774208,-0.0011091924590641113,2.2939168563968173,-34.54580933029443
2.415758007536368e-6,224.70078235960668,3503.7687432227212,-0.08347687919945083,-0.034889051928773236,2.540689484986619e-6,365.2564655947992,3624.4074381502974,-0.05479672513680367,-0.026009089442082498,4.88752570223028e-7,759.2142848527586,698.8159974691931,-0.07275837431767171,-0.08321173838528632,0.0006877867856338578,4409.993079412383,1313.2784473252696,-0.0066241826890043095,0.10707474521835372,-0.00021191569258827706,-0.0011123114397445617,2.2944398543472215,-34.57607434794205
2.41915856406099e-6,224.70078239062877,3503.7687433293377,-0.08327980572548789,-0.03499551386939478,2.541220408237442e-6,365.25646710935246,3624.407417148409,-0.05464119308729666,-0.0260929984080899,4.801487678549709e-7,760.7547552564322,684.1873281816646,-0.06661809384613535,-0.08641894367358116,0.0006878669609805673,4411.776657335775,1311.3588397344154,-0.006451396200447098,0.10796379661444916,-0.00020641493857230246,-0.0011134949876447414,2.2949355021675957,-34.59439019381128
2.425286560927528e-6,224.70078242494114,3503.7687434446584,-0.08297935964465247,-0.03523619762455452,2.5421911995586732e-6,365.25646831281813,3624.4074003276487,-0.05439789330836929,-0.02628152009555967,4.727369707033375e-7,762.2983513245091,669.4499575705694,-0.0598302817322381,-0.09004454235465556,0.0006879451220288225,4413.700077604475,1308.2038843201485,-0.006425280654244081,0.10878964760482564,-0.000201706555181511,-0.0011132146626612101,2.2954322987706246,-34.598629098227285
2.433593062948777e-6,224.70078245975296,3503.768743581374,-0.08259112048471745,-0.03559690689263711,2.5435242107310697e-6,365.2564690903729,3624.4073885104167,-0.05408069028849335,-0.026562524554504047,4.6659345159091096e-7,763.8450793990637,654.5739167633375,-0.05239838379693489,-0.09394303798655373,0.0006881010088034074,4415.787283392159,1303.856309050774,-0.006555484623725698,0.10953754185307396,-0.00019752753292965488,-0.0011119311614543254,2.295955071763956,-34.58695427205743
2.443356013457474e-6,224.7007824926385,3503.768743737769,-0.08213148044015868,-0.036061680145240665,2.5451302281527873e-6,365.25646938040666,3624.4073819524715,-0.05370437475111387,-0.026923051852650613,4.6189757252737066e-7,765.3949458350386,639.4974567495997,-0.044340232058393145,-0.09793660625230098,0.000688424433211233,4418.013800328393,1298.420361273126,-0.0068581430628462375,0.11018791884510352,-0.00019359270540187466,-0.0011102684088725007,2.2965285029913822,-34.558418248935496
2.4539040421904418e-6,224.70078252148218,3503.7687439152223,-0.08161245962101246,-0.03660103452771264,2.5469396945779474e-6,365.25646919417613,3624.40738021002,-0.05328046665783217,-0.027340058770353504,4.5866868587489505e-7,766.9479570002703,624.1680645799769,-0.03566626888719235,-0.10183844654047601,0.0006890935434797442,4420.354746057591,1292.0341972497222,-0.007324282445205166,0.11072079810082926,-0.00018959129737622317,-0.001108846933713094,2.297170067369891,-34.51333014571246
2.464533552132296e-6,224.7007825436187,3503.768744133362,-0.08104825490256187,-0.03718256783067854,2.5488765782245482e-6,365.25646856490033,3624.4073826859667,-0.052822122783587534,-0.02778846407179764,4.564998351843652e-7,768.5041192755178,608.5579075900567,-0.02637721177606258,-0.10548465860358841,0.0006902829137489097,4422.77108733904,1284.9074659259593,-0.007922139182161878,0.11111960522145668,-0.00018530420237916327,-0.0011082795679444046,2.2978856647128363,-34.45335338600423
2.4745115717774046e-6,224.70078255392818,3503.7687444637572,-0.0804706623075208,-0.03776513675855981,2.550803797745738e-6,365.2564675173903,3624.4073889530277,-0.052356191295875376,-0.028236010541751108,4.545934159732587e-7,770.0634390544849,592.7059109934995,-0.016503332488488346,-0.10874712552907229,0.0006921021223662007,4425.2936830406115,1277.3114541873547,-0.00859022438824411,0.11139450891000757,-0.0001805762601360698,-0.0011090438487910343,2.298668201836583,-34.38145835012148
2.4834166846591375e-6,224.70078255008036,3503.768744945963,-0.0799167114384699,-0.03830379975520031,2.5525753928852934e-6,365.2564660939194,3624.407398507638,-0.0519127154380814,-0.028647530401822736,4.517195307716379e-7,771.6259227438488,576.6713468494396,-0.006022405525197263,-0.11154969966789449,0.0006946179041131244,4427.8707111827325,1269.676106752289,-0.009246244870163753,0.11156409685526429,-0.00017534881899467812,-0.0011112688104945386,2.2994924900133085,-34.301851440975014
2.490903265413102e-6,224.70078252966036,3503.7687456303984,-0.07945002101077978,-0.038750069381865496,2.553950018928761e-6,365.25646429899194,3624.407411287338,-0.05154186302258507,-0.028984520889989384,4.4634766844429116e-7,773.1915767632865,560.5629549401734,0.005082822250325076,-0.1138410136945297,0.0006977196972211,4430.444067457035,1262.6074623568425,-0.009792474847482356,0.11168397375832581,-0.00016966515253289232,-0.0011147577499303549,2.3003153658580993,-34.21983207889969
2.4972495992103933e-6,224.70078249834216,3503.7687464426695,-0.07912255076506013,-0.039061970906786356,2.5547532719148723e-6,365.25646218811397,3624.407426798643,-0.05128263096170508,-0.029214264776304275,4.358379003249652e-7,774.7604075455006,544.3997751651997,0.017200547034453208,-0.11564155723024258,0.0007012248062276686,4432.765960518028,1256.8648993135084,-0.010149521564548528,0.1118108587707486,-0.00016380018663596859,-0.0011187613986993828,2.30106446575283,-34.141376057385706
2.5032779231560966e-6,224.70078246586888,3503.768747244721,-0.0789575868628016,-0.03921443768165164,2.5549506479064077e-6,365.2564598280656,3624.407444491065,-0.051149590270164955,-0.029318478521248637,4.161763575570397e-7,776.3324215362456,528.0934982527046,0.03145774290825799,-0.11701375321230957,0.0007048765928474804,4434.559816131452,1253.0133637870456,-0.010280358472341433,0.11199239573866054,-0.0001583902578042294,-0.0011220815053323613,2.3016329549063297,-34.072258096002976
2.5517683801643828e-6,224.7007828073882,3503.7687412623186,-0.07779579485311526,-0.0379888197063782,2.5611414099196983e-6,365.25646141193954,3624.4074206988703,-0.050096599180289025,-0.028490399153623246,4.9733062404476175e-9,777.9076251943541,1159.8687897768837,7.753838008547256,2.6831615549648444,0.0007229991655387163,4424.061987829848,1261.7728205853184,-0.009079802802931592,0.11001168459381154,-0.00017536678254398156,-0.001093890167570885,2.2987926440575563,-33.99056498016095
2.5608932193760708e-6,224.70079216377223,3503.768587213563,0.0003195252548478278,-0.0015943575443175756,3.0257467880552435e-6,365.256483672884,3624.4072353917472,0.013484059448234905,0.000994691004307153,9.574069759909395e-7,779.4860249917662,704.1983161299532,0.06800673241110831,0.002710085508284165,0.000988664610605724,4283.582087233621,454.87310890191947,0.012337169426445409,-0.03670047716529624,6.425786103795229e-5,-0.0015677900541169873,2.3115290232051438,-8.077655365637895
2.5499999066774604e-6,224.70079213880356,3503.7685885390474,0.00018819948392615423,-0.0014903034366119828,3.025156402667448e-6,365.2564780033694,3624.4072827459704,0.013389567266417818,0.0011032272760860915,9.965036622803504e-7,781.0676274135513,692.8498831705175,0.06901498048218085,0.002755181498226926,0.000996622310932232,4286.964386633666,448.2161690991348,0.01294741613588747,-0.03605006714124917,6.562336871466563e-5,-0.0015800619170298399,2.311819628865714,-7.846416700288939
2.5377034053665038e-6,224.70079213327764,3503.7685896086955,7.350673974925642e-6,-0.0014040169016998943,3.024272928734445e-6,365.25647278847714,3624.407326011205,0.013254095671435264,0.0011991805073609874,1.0408147480367765e-6,782.6524389579384,681.5063971121742,0.06993632959680446,0.0028033269438102466,0.0010047107468241431,4289.332511800076,443.02339908324757,0.01359967651792777,-0.03539230555749049,6.66323348526737e-5,-0.0015939205277773762,2.3120450380711404,-7.633203770153874
2.5229952116479204e-6,224.7007921550538,3503.7685903152656,-0.0002452223871114468,-0.0013407473883656398,3.022947944718969e-6,365.2564680859966,3624.407364718354,0.013057572793539413,0.0012797553126411136,1.0910579384004015e-6,784.2404661363411,-114.0765365791728,0.0706985632093473,0.0028777000337770484,0.0010130843931692615,4290.3714754401935,439.9086708031858,0.014304460374552234,-0.03470454925219594,6.736643249049194e-5,-0.0016097393071849056,2.3121968565588937,-7.453149258148654
2.5046199070404797e-6,224.70079221139335,3503.7685905559797,-0.0005889181503520685,-0.0013069859932124024,3.021036494085558e-6,365.25646394862264,3624.4073984818933,0.012781013823202347,0.0013414052518044397,1.1477719218365718e-6,785.831715473385,-127.0303288897049,0.07122565316409896,0.0029996454885998303,0.0010218505067087604,4289.783865480631,439.500723475091,0.01506193715454289,-0.03396744838776155,6.79300766127416e-5,-0.0016279672347651254,2.3122696459725534,-7.3300396292959835
2.48103461021096e-6,224.70079230874842,3503.7685902327016,-0.001037924988026468,-0.0013117368109756345,3.018412007779096e-6,365.2564604292458,3624.4074269518187,0.0124082153700036,0.0013787378049947801,1.2106949722444853e-6,787.4261935069347,-140.04472222899338,0.07142200616578383,0.003189586438602981,0.001031057345473596,4287.260572909645,442.5298651648781,0.015864631982033632,-0.0331639441702745,6.846210754441972e-5,-0.0016490885795644417,2.3122633621327617,-7.300381414853596
2.4507386893438985e-6,224.70079245016666,3503.7685892761738,-0.0015990337184412936,-0.001358559849563106,3.0149781655579387e-6,365.25645755746825,3624.407450066082,0.011927727407080542,0.0013906713133103323,1.2784980649681672e-6,789.0239067881191,635.8382503551876,0.07118449184160207,0.0034761026883801675,0.001040759620275789,4282.628783838507,449.51420507634174,0.016700457886761173,-0.032292616137229245,6.909244359500171e-5,-0.0016734110259408372,2.312180486457419,-7.4176211840167205
2.4124762474629756e-6,224.7007926352288,3503.768587640218,-0.0022651977941432213,-0.0014497405579741557,3.0107008979084725e-6,365.2564553438208,3624.407468017178,0.011338173085366918,0.0013765627735974186,1.347841024757863e-6,790.6248618813624,624.0779903347327,0.07040116858116235,0.0038916673304005877,0.0010508975573265606,4275.794049639929,460.9073559527799,0.01754748313491204,-0.03137135461170041,6.999373088502357e-5,-0.0017008922499117977,2.312033717871592,-7.754272349563132
2.3658392150586205e-6,224.7007928540478,3503.7685853720513,-0.0030074991008254086,-0.0015808928990435067,3.0056634865424956e-6,365.2564537270618,3624.4074817643414,0.010656347098204729,0.0013399025037206073,1.4129242731800893e-6,792.2290653644054,611.985782013561,0.06899884827508398,0.004481057022081938,0.001061293916605007,4267.001101871752,476.5721183032246,0.018379697950833437,-0.030458637482238322,7.126852455466271e-5,-0.0017309366394734303,2.3118397524344245,-8.39761014017335
2.311570177236958e-6,224.70079308076134,3503.768582686026,-0.003762690202502072,-0.0017493803884186991,3.0001424777431673e-6,365.25645253282596,3624.407493398297,0.009929230775692265,0.0012801377199727275,1.4646857924384288e-6,793.8365238283365,599.4171794857881,0.06698393653896689,0.005285593101314207,0.0010714707620623407,4257.055671023049,495.4520607522059,0.019153653467227645,-0.02967155830458934,7.267020094917934e-5,-0.0017624469945969174,2.31161015927605,-9.433125334969525
2.251412519941575e-6,224.70079326156144,3503.768580107306,-0.004418368681001544,-0.0019677874525692446,2.9947268129743036e-6,365.2564513988398,3624.4075067657755,0.009249022583243642,0.0011804470245120513,1.4896183625464517e-6,795.4472438776173,586.1928671169713,0.06448339657933892,0.006334658650714952,0.0010804457181558221,4247.782307137521,514.9142266769026,0.01979519865051501,-0.029207610083690973,7.298198543990406e-5,-0.0017942584744261745,2.311324608676701,-10.911480820490091
2.1862629002203063e-6,224.7007932994095,3503.7685786633906,-0.0047895354628269375,-0.002297213524521449,2.9905371775076193e-6,365.2564496905828,3624.4075280687744,0.00877385455282836,0.000978851616575103,1.4656653388128554e-6,797.0612321301103,571.9987303068763,0.061590546940191955,0.007598753172117069,0.001086571574264657,4242.649509471418,530.3666194083785,0.020151653931999653,-0.029316292964949597,6.909734911450065e-5,-0.0018258958423937226,2.3109071566537014,-12.80051518488505
2.1134520336584967e-6,224.70079303212924,3503.768580143129,-0.004590175594291911,-0.0028758011715431784,2.989608758200631e-6,365.25644631271354,3624.407567244684,0.008751178150686666,0.0005430605670562938,1.3545539528084937e-6,798.678495217105,555.9844322225867,0.05759808784655568,0.00887858250426753,0.0010879411682877885,4247.969596682569,534.4183740635301,0.019898011375925093,-0.030221892725144323,5.559711544256355e-5,-0.0018572552868670504,2.3102284192327267,-14.929476346233477
2.026600784269881e-6,224.70079225433508,3503.768586843676,-0.003466076737055591,-0.00390175238386213,2.9950012835467625e-6,365.25643962336113,3624.4076379150415,0.009479082613912277,-0.0003153311139223574,1.1013374638208956e-6,800.2990397833486,534.5687549107772,0.04717963901781756,0.008183600321921112,0.0010828241399861423,4272.983993201935,517.886640404519,0.018205098017026,-0.03188018685545515,2.9329514956684557e-5,-0.0018828558239826405,2.3092707974416844,-16.935301700915616
1.9279105768030754e-6,224.70079033151032,3503.7686060858455,0.00019442909526781995,-0.005793235955476875,3.0199008793125327e-6,365.2564245564537,3624.407782969855,0.01214559172094881,-0.002016579433281625,8.148456757284411e-7,801.9228724870677,457.7582479114549,0.04734410913515272,-0.053005307440222,0.0010320105044711002,4346.939290542311,456.78932762395874,0.008737477005471539,-0.034024451100522136,-1.408311013776472e-5,-0.0018449595008529478,2.3084818123852737,-18.19912807875412
2.076885632161732e-6,224.70077326758457,3503.7688777122976,-0.04956341210837816,-0.03138419816719168,2.694681246210433e-6,365.25636490226253,3624.4083208104207,-0.02970828512500086,-0.02251665912420204,2.302721248910763e-6,803.5500000000002,605.7532655507633,0.0882355487680324,-0.018675641498734474,0.001222896063690423,4729.612699716139,806.7802733736752,0.011787181954195496,0.07483407965921142,4.587777980843124e-5,-0.0015168027342613954,2.296091251279559,-25.920047217289664
