mu_1,P_1,t01,ecos1,esin1,mu_2,P_2,t02,ecos2,esin2,mu_3,P_3,t03,ecos3,esin3,lprob
2.319688264205324e-6,224.7007716965383,3503.7655659499032,0.02339078501073411,-0.01885454913458531,3.141310380797757e-6,365.25645768563527,3624.4022477346894,0.03155221912414045,-0.012535791624736661,0.00041338084448090646,4017.7500000000005,1035.254876082031,-0.0843416109107112,-0.06596273528945563,-186.42054074685055
2.3162579918879094e-6,224.70077165104547,3503.765566942558,0.023096704539970172,-0.01868116801980101,3.1395895346100856e-6,365.25645743455703,3624.402250832435,0.03132687697630698,-0.012388149388073477,0.00041933600558880803,4021.124187664019,1029.2978858949896,-0.08142632464334745,-0.06526255586066457,-186.21126970602958
2.3128169994358197e-6,224.7007716054419,3503.7655679430927,0.022802243895129994,-0.01850433634633804,3.1378699501021015e-6,365.2564571816917,3624.4022539736743,0.031101581369252132,-0.012237516498808023,0.0004253514038851407,4024.5012090390383,1023.2764468841577,-0.07855946107148148,-0.06457840883167586,-186.0041941341642
2.3093534377507137e-6,224.70077155973144,3503.7655689510566,0.022507255259202892,-0.018327973090837585,3.1361514362366633e-6,365.2564569272708,3624.4022571529867,0.03087618302528654,-0.012086962891772138,0.00043142034888750484,4027.881066504875,1017.2224841485336,-0.07574764448023816,-0.06390455353728446,-185.7993485576223
2.305826846760574e-6,224.70077151384197,3503.765569970303,0.02220631258373018,-0.01815057577325765,3.1343995161712243e-6,365.25645667131573,3624.4022603713415,0.03064639924129345,-0.011935244705234856,0.0004375954552069583,4031.2637624433273,1011.1395661876833,-0.07296275289028999,-0.06323436574364026,-185.5967686078802
2.302292424892994e-6,224.70077146788063,3503.7655709958253,0.02190580508342796,-0.017970273721826465,3.1326532615463056e-6,365.2564564136235,3624.402263630643,0.03041725724286253,-0.011780954517551498,0.0004438237636298766,4034.64929923821,1004.9937947945299,-0.07022874737655006,-0.06258116300142705,-185.39649112856813
2.2987007852064773e-6,224.70077142180173,3503.7655720308126,0.021600144536380532,-0.017788708761609255,3.1308795306596252e-6,365.2564561545693,3624.402266926333,0.03018440151697908,-0.011625311021377564,0.0004501564335139428,4038.0376792753236,998.8226741349768,-0.06752392301137905,-0.06193034486770364,-185.19855426294652
2.2951159902966547e-6,224.70077137564485,3503.7655730718466,0.021296316522400997,-0.017607253631220503,3.1291191526140835e-6,365.25645589385005,3624.4022702611037,0.029953269869256557,-0.011469518177554887,0.0004565362088926138,4041.4289049424883,992.6068601445176,-0.0648728409183772,-0.061293283305917615,-185.002997536953
2.2914970294253843e-6,224.70077132941367,3503.765574120139,0.020990451801465512,-0.01742583778571432,3.127349372286973e-6,365.25645563166444,3624.402273632263,0.029720816215094963,-0.011313444118458261,0.00046298840148727393,4044.822978629514,986.3646673277576,-0.06226479671033517,-0.06066285408814952,-184.80986191874217
2.2878651888677633e-6,224.70077128314492,3503.765575174116,0.020683872602962654,-0.01724137125333547,3.1255778226657565e-6,365.2564553679547,3624.402277041242,0.02948812974650538,-0.011154654819273581,0.00046951406406100637,4048.219902728233,5028.283543209815,-0.0596963074562524,-0.06004564343649086,-184.61918992679455
2.2842109668586227e-6,224.700771236816,3503.765576234958,0.020376011801147415,-0.01705803086749437,3.1238006583367033e-6,365.25645510283294,3624.402280485627,0.029254703590275842,-0.010996483664256016,0.0004761129213054573,4051.619679632471,973.7445514455716,-0.05716982588807572,-0.05943294503740003,-184.43102570400325
2.2805302701032642e-6,224.70077119045553,3503.765577301527,0.02006667740895706,-0.01687254365651388,3.1220170122078253e-6,365.2564548362933,3624.4022839655754,0.029020412878507325,-0.010836266592646922,0.0004827924992923733,4055.0223117380797,967.3769452568638,-0.0546798953815852,-0.05883072384210415,-184.2454150758747
2.2768675644028085e-6,224.70077114412587,3503.765578370987,0.019760025636321208,-0.01668682822404961,3.120251398908704e-6,365.25645456824395,3624.4022874819048,0.028788521656857476,-0.010675655485599992,0.0004895088628833573,4058.427801442911,960.9650835776673,-0.05224386415206885,-0.0582417910639631,-184.06240561970307
2.273199190950678e-6,224.70077109779987,3503.7655794449265,0.019454022209605955,-0.01650206082913725,3.1184914421102e-6,365.2564542987909,3624.4022910329327,0.028557402865574066,-0.010515543021655917,0.0004962823171574637,4061.83615114683,954.5291452870755,-0.0498533924389493,-0.057659840977865,-183.88204675636177
2.269515723666134e-6,224.7007710514993,3503.765580523103,0.019147358029625416,-0.01631665543790198,3.116729214074872e-6,365.2564540280343,3624.402294617451,0.0283260445067429,-0.010354635949202539,0.0005031294331058269,4065.2473632517303,948.0610907540148,-0.047500923482629444,-0.05708480591843927,-183.70438978361182
2.2658346231441518e-6,224.70077100520132,3503.765581605197,0.018841746782083897,-0.01613169931144468,3.1149741575763335e-6,365.25645375583036,3624.4022982369365,0.028095768154943617,-0.010193814035594134,0.0005100309818553152,4068.6614401615057,941.5519429556406,-0.04519237640881818,-0.056521142317877394,-183.52948793444136
2.262158579837952e-6,224.70077095900749,3503.76558268865,0.018538168816194873,-0.015946643538337007,3.113232995169203e-6,365.2564534823033,3624.4023018887333,0.027867339694144108,-0.010032695187313742,0.0005169771602449165,4072.078384282085,935.0200487859767,-0.04293141616106637,-0.05596461509951342,-183.35739643366892
2.258469807361332e-6,224.70077091284867,3503.7655837759826,0.018233942640052708,-0.015762281565177453,3.1114888302698754e-6,365.2564532075342,3624.40230557293,0.027638669566993224,-0.009871836826425586,0.0005239962176231786,4075.498198021403,928.4595274914938,-0.04070646536048118,-0.055414531894943414,-183.18817249566027
2.2548001475060783e-6,224.70077086680422,3503.7655848638747,0.017932080423582637,-0.015576254462853885,3.1097590702759348e-6,365.25645293138143,3624.4023092911316,0.027412101386844946,-0.00970941944413596,0.0005310594063777679,4078.9208837894303,921.8424711496608,-0.03852519333982376,-0.054878463438777066,-183.02187544751374
2.2511404507306666e-6,224.7007708208131,3503.765585954269,0.017632857719134105,-0.015394289245713512,3.1080458850418155e-6,365.25645265389574,3624.4023130413966,0.027187816981958126,-0.0095500278294307,0.0005381568735563255,4082.346443998147,915.2240819220983,-0.03639249239705942,-0.054346787844254625,-182.85856666226596
2.247485663986241e-6,224.70077077498203,3503.7655870444323,0.017334766243865662,-0.015210778382350824,3.106339648886993e-6,365.25645237517966,3624.4023168224808,0.026964653163356018,-0.009389170454171977,0.000545306311877536,4085.774881061575,908.5646418407406,-0.034299607918914274,-0.05382501157944125,-182.69830962366242
2.2438495960168656e-6,224.70077072923974,3503.7655881358874,0.017039674235004448,-0.015030575915661202,3.104651347267922e-6,365.25645209517074,3624.4023206353027,0.026744050144074005,-0.009230748676097958,0.0005524881428420251,4089.20619739575,901.8902224456978,-0.03225266284163489,-0.0533101402061062,-182.54116990372262
2.2402218592669055e-6,224.700770683654,3503.765589227249,0.01674609923007363,-0.014850834998912767,3.10297244145876e-6,365.25645181397186,3624.4023244786235,0.02652487312441151,-0.009072479415660601,0.0005597156992434159,4092.640395418739,895.1901989912488,-0.030245933735490848,-0.05280236348272963,-182.38721520868887
2.2366151808976033e-6,224.70077063824672,3503.765590317246,0.016455681752471342,-0.014671235283806636,3.1013119356206097e-6,365.2564515314798,3624.4023283530832,0.026308361241211924,-0.008914131937133642,0.00056697190343941,4096.07747755065,888.4559157878763,-0.028282484684089972,-0.05230483063973298,-182.23651532964695
2.2330282146482764e-6,224.70077059296486,3503.7655914075126,0.016167765664863318,-0.014493440106783136,3.0996654266454593e-6,365.25645124771415,3624.4023322588646,0.026094006819453355,-0.008757018302733385,0.000574266664806522,4099.517446213607,881.6956668686897,-0.02635850344023566,-0.05181536681899026,-182.0891421091497
2.229472240527743e-6,224.70077054785887,3503.7655924961873,0.01588418632373267,-0.014319614475828316,3.0980444474553986e-6,365.25645096271535,3624.4023361945015,0.025883224904295846,-0.00860294656464039,0.0005815654976538442,4102.960303831787,874.9285271233668,-0.024484313262210265,-0.05133282076887187,-181.94516944257393
2.2259282526204005e-6,224.70077050298764,3503.765593582493,0.015602179734442171,-0.014144589001512475,3.096431758949043e-6,365.256450676558,3624.4023401595414,0.025673859022432615,-0.008447720247056563,0.0005889086140740101,4106.406052831384,868.1234919012471,-0.02264484018565121,-0.05085915522940638,-181.80467323180258
2.222406869437418e-6,224.70077045826616,3503.7655946681343,0.015323999124272137,-0.01397485680776152,3.0948413686601272e-6,365.2564503892073,3624.4023441535837,0.025467650483516076,-0.008296583278532589,0.0005962590645214121,4109.854695640645,861.3261675459131,-0.02085191180353644,-0.05038950486175437,-181.66773131429483
2.2189190535100354e-6,224.7007704137788,3503.7655957506227,0.015049633689233255,-0.013805784269265863,3.0932723957449774e-6,365.256450100628,3624.402348177717,0.025264590660203895,-0.008145843230429549,0.0006036261063670485,4113.306234689845,4967.802926328505,-0.01909898109998559,-0.04992958045289488,-181.53442339355277
2.2154612063315366e-6,224.70077036952665,3503.7655968300996,0.014778738542932093,-0.01363857080209764,3.0917224675797782e-6,365.2564498108697,3624.402352230784,0.025064393465566763,-0.007996481459596269,0.0006110068258658525,4116.760672411311,847.648416415277,-0.017386378560621564,-0.049477215088897866,-181.40483100149098
2.2120314471014504e-6,224.70077032550697,3503.765597906152,0.01451200746458675,-0.013474073007172582,3.090196469064252e-6,365.25644951990637,3624.4023563131896,0.024867603759572348,-0.007849150883313215,0.0006183828484202733,4120.218011239399,840.7828402525745,-0.0157172944481259,-0.04903354340138587,-181.2790373619871
2.208618112308825e-6,224.7007702816888,3503.7655989806863,0.01424772051051737,-0.013313335392051635,3.0886837732043074e-6,365.25644922786574,3624.402360422769,0.024672860465244903,-0.0077047283304538024,0.0006257828785508536,4123.678253610524,833.9222149510416,-0.014084537376585887,-0.04859244386403611,-181.15712735221467
2.205253339609497e-6,224.70077023813894,3503.7656000505167,0.013988907497902806,-0.013155464227762077,3.0872012847663686e-6,365.25644893457854,3624.402364561671,0.02448248320590358,-0.007562571418419269,0.0006331609249480698,4127.1414019631375,827.0445419977535,-0.012496766189161075,-0.048160754525863304,-181.0391873133901
2.2019138359662723e-6,224.70077019486806,3503.7656011159283,0.01373370120797884,-0.012999631252022666,3.0857403172847415e-6,365.25644864019733,3624.402368728966,0.024295124363744407,-0.007421946452338815,0.000640536795620153,4130.607458737737,4950.759747112739,-0.010947553228449885,-0.0477359844197954,-180.92530502265248
2.1986028183737917e-6,224.70077015183045,3503.765602178288,0.013481991524984535,-0.01284659648258363,3.0842974418017385e-6,365.25644834466254,3624.402372923889,0.024110562423496847,-0.007283488830233626,0.0006479206986447201,4134.0764263768815,4947.326701966794,-0.009433405305894392,-0.04731733901562197,-180.8155695139186
2.1953276064132893e-6,224.70077010909395,3503.765603235362,0.013234579946793067,-0.01269646699839997,3.0828786366329515e-6,365.256448048036,3624.4023771460415,0.02392946284540528,-0.0071473389286756455,0.0006552841906525659,4137.548307325167,4943.886929893008,-0.007960036185874765,-0.04690606445969931,-180.71007092366605
2.1920925074197804e-6,224.70077006661128,3503.7656042885815,0.012991982835221927,-0.01255035543854143,3.081486452885002e-6,365.25644775023625,3624.4023813965687,0.023752191316351885,-0.007014425536744585,0.0006626278161462239,4141.0231040292565,799.4274933957753,-0.006525862104711607,-0.046500285582474,-180.60890037312555
2.188876651880745e-6,224.70077002442622,3503.765605336689,0.01275264610851476,-0.012406958822863422,3.080113105256592e-6,365.25644745145263,3624.4023856726667,0.02357760501315653,-0.006883621717944232,0.0006699597987083165,4144.500818937853,792.5100843652934,-0.005127822354912879,-0.04610065702496882,-180.51214983744242
2.185706793145182e-6,224.70076998253532,3503.7656063797212,0.012518364566255944,-0.012266621229949476,3.078767507574707e-6,365.25644715150804,3624.4023899772906,0.023407012447503782,-0.006755318227013237,0.0006772635778994531,4147.981454501732,785.5837275032455,-0.0037673488099548014,-0.04570801793067372,-180.41991189672947
2.182576843090617e-6,224.70076994095666,3503.7656074167276,0.012289018630519021,-0.01212917210039968,3.0774497734664835e-6,365.2564468504672,3624.4023943088123,0.02324035360172075,-0.006629369083362755,0.0006845313012533041,4151.465013173709,778.6488719386867,-0.002445056065551467,-0.04532299231118258,-180.33227963122397
2.1794735153856094e-6,224.70076989966356,3503.765608449239,0.01206323730723871,-0.01199514348953126,3.0761515221138806e-6,365.2564465484045,3624.402398666241,0.023076525065757088,-0.0065061919190301,0.000691781615494488,4154.95149740868,771.7159045441117,-0.0011561122783209318,-0.044942651055102895,-180.24934642673637
2.176403685777705e-6,224.70076985866623,3503.765609476534,0.01184170553409632,-0.011864467130017431,3.0748769788352085e-6,365.25644624530435,3624.402403050005,0.022916070649192804,-0.0063857473821455285,0.0006990011542335751,4158.440909663582,764.7799821822717,9.813292446695885e-5,-0.044568390945863325,-180.1712057361559
2.1733739779355256e-6,224.70076981802367,3503.765610496949,0.011624787925554768,-0.011735674721236405,3.0736285567255827e-6,365.2564459411876,3624.402407460053,0.022759276624320163,-0.006266905883845888,0.0007061841697266331,4161.933252397434,4919.765435029431,0.0013184027153590263,-0.044201279144016045,-180.0979509500779
2.170387776547789e-6,224.70076977767997,3503.765611511575,0.011413296553052775,-0.011610935013402277,3.072410765353786e-6,365.2564456359817,3624.4024118967354,0.02260672746732956,-0.006151437773426968,0.0007133100561782481,4165.428528071308,750.8851161406039,0.0025013253664758475,-0.04384103050574291,-180.02967513408362
2.1674306327891822e-6,224.70076973762355,3503.765612521307,0.011206084418405758,-0.011491126140907826,3.071218185664934e-6,365.2564453298418,3624.402416358139,0.022457582083660495,-0.006040065940508236,0.0007203872465164152,4168.926739148342,743.9551632220974,0.003648814599903604,-0.043484328019436615,-179.96647087749878
2.1645033905650248e-6,224.70076969796017,3503.7656135233447,0.01100245478001973,-0.011371943227276112,3.070045172106185e-6,365.25644502282535,3624.4024208435744,0.02231123821061682,-0.005929280224950437,0.0007274340426731946,4172.4278880937545,4909.434272349271,0.004767609171011401,-0.04313502378409447,-179.90843001863564
2.161608656162901e-6,224.7007696585786,3503.7656145204783,0.01080333083662136,-0.011257168165802404,3.0688984296724227e-6,365.25644471484424,3624.4024253542007,0.022168445075413115,-0.005822184985713846,0.0007344300715617581,4175.9319773748175,730.0686671602874,0.005853603913385111,-0.04279008280539027,-179.85564347164683
2.1587353662622727e-6,224.7007696194988,3503.765615512573,0.010607605260204668,-0.011145931921209063,3.067771032322801e-6,365.2564444060165,3624.402429887828,0.0220282959973634,-0.005718063105012392,0.0007413919978066517,4179.439009460895,723.1391023131923,0.006910885626826937,-0.04244900921214586,-179.80820094374556
2.1559206150625893e-6,224.70076958085303,3503.7656164948153,0.01041788368712662,-0.01103501971245178,3.066677712270109e-6,365.2564440962069,3624.402434447718,0.021892817914245244,-0.005614414846743422,0.0007482745021628068,4182.948986823405,716.1801131442999,0.007934765091802033,-0.04211869105516397,-179.7661907785432
2.1531296431738546e-6,224.7007695424664,3503.7656174729736,0.01023232751107102,-0.010929732439932187,3.0656094668991286e-6,365.2564437855622,3624.402439030403,0.02176058434339951,-0.00551550963011249,0.000755096345537992,4186.461911935858,709.2478828260726,0.008926605081739982,-0.041790719095909215,-179.72969968551894
2.1503586521897618e-6,224.70076950444096,3503.7656184442885,0.010050111010227293,-0.010826620040939022,3.0645614003409003e-6,365.2564434742111,3624.402443634813,0.02163098960143427,-0.005418505573487409,0.0007618724961537858,4189.977787273825,702.3154383653346,0.009891393760599183,-0.04146759331200168,-179.6988124957885
2.147639895973412e-6,224.70076946679575,3503.7656194074375,0.009873756065489313,-0.010725372657908959,3.063546998064302e-6,365.2564431619393,3624.4024482641294,0.021505890576907518,-0.005323277662336684,0.0007685619985842071,4193.496615314974,695.3696588580666,0.010824354196370917,-0.041153000051273814,-179.6736119855839
2.144934533808004e-6,224.70076942943288,3503.765620366029,0.009700608061908611,-0.010628850548459638,3.062552820461968e-6,365.2564428490237,3624.4024529134845,0.02138330696114544,-0.005232080698822591,0.0007751968547211012,4197.018398539039,688.4485830632781,0.011729559079804136,-0.04084037845773214,-179.6541785272732
2.1422760521424563e-6,224.70076939245394,3503.7656213163427,0.009533008692327566,-0.010533905456730957,3.061591186596656e-6,365.2564425352777,3624.402457586563,0.02126498115368327,-0.00514243440989272,0.0007817425414624002,4200.543139427846,681.5142412470202,0.012604639132039675,-0.04053601946546656,-179.6405900201645
2.1396279739069202e-6,224.70076935583475,3503.765622260461,0.009367573957107852,-0.010440942997095422,3.0606428370769155e-6,365.2564422210361,3624.402462277922,0.021148315005858412,-0.005054588515292741,0.0007882567219778285,4204.0708404653005,674.5845410971812,0.013458447730317163,-0.04023458388097628,-179.63292145132178
2.137033872327526e-6,224.70076931956243,3503.7656231968317,0.009208965656134417,-0.010351558249161575,3.0597363868470518e-6,365.2564419059744,3624.4024669929736,0.021036928041589763,-0.004970031263180645,0.0007946407806811741,4207.601504137391,667.6590505398406,0.014277011767117962,-0.0399407492311878,-179.63124490546764
2.1344459849745192e-6,224.700769283643,3503.7656241270606,0.009052446809143721,-0.01026402706675697,3.0588427616990485e-6,365.2564415904876,3624.402471725029,0.020927102153674496,-0.004887163371817815,0.000800988579735807,4211.135132932205,4871.87095330991,0.015075462293898483,-0.039650361933387085,-179.63562909791213
2.1319036979370806e-6,224.70076924807813,3503.765625049827,0.008901693224988417,-0.010179004189174903,3.0579844581008434e-6,365.25644127431434,3624.402476478755,0.02082170074764072,-0.004806700924782967,0.0008072296191353381,4214.671729339905,653.8123879321666,0.015844511830293118,-0.03936660056313167,-179.64613927957083
2.1293756229500666e-6,224.70076921285298,3503.7656259664086,0.008754035787823024,-0.010096925089448705,3.057146624251832e-6,365.25644095774834,3624.4024812494263,0.020718674899299995,-0.004728916013571488,0.0008134005349379558,4218.2112958527605,646.9005100016942,0.016589555227788367,-0.039086322002347136,-179.6628370235726
2.1268772903139734e-6,224.70076917797846,3503.7656268760816,0.008611117469082136,-0.010017481807635028,3.0563390882710673e-6,365.25644064069803,3624.4024860388186,0.020619275987388382,-0.004653640692605458,0.000819472661476246,4221.753834965117,4861.749540457942,0.017307806123963723,-0.03881101407635079,-179.68577993764848
2.124405279132022e-6,224.70076914348476,3503.765627778205,0.008471956038347812,-0.009939350531101556,3.0555547305518245e-6,365.2564403232672,3624.402490844968,0.0205226838963573,-0.00457975196360456,0.0008254664509545634,4225.299349173433,633.0850871338046,0.01800346698442139,-0.03854145079776972,-179.71502149948742
2.121956936561346e-6,224.70076910929504,3503.76562867465,0.008337262888673836,-0.009864990599297125,3.0548003694071915e-6,365.25644000545805,3624.4024956680582,0.020429534692924762,-0.004509327172889642,0.0008313561452962679,4228.847840976245,626.1935758935408,0.01867265793425285,-0.038275555029815736,-179.75061083012068
2.119548463268478e-6,224.700769075522,3503.7656295622396,0.008207684350801187,-0.009791248039789091,3.054078070531599e-6,365.2564396872833,3624.4025005086914,0.020340240762357766,-0.00443981963125081,0.0008371343170932308,4232.399312874206,4851.689466408926,0.01931684546713671,-0.03801688348446472,-179.79259254375341
2.117148634902607e-6,224.700769042062,3503.76563044447,0.008080817172836284,-0.009720364718836604,3.053374796867486e-6,365.25643936896404,3624.402505362415,0.020252989466316523,-0.004372972844976413,0.0008428416893602439,4235.953767370055,4848.354403830838,0.019940682171258654,-0.03776091172580582,-179.84100648152426
2.114775456871846e-6,224.70076900896328,3503.76563131953,0.007958425518390289,-0.009651580245766416,3.052701246345794e-6,365.2564390504416,3624.4025102305727,0.020169107758271434,-0.004308275992355404,0.0008484381793626306,4239.511206968635,605.5168913211129,0.02054019231136179,-0.03751001440308788,-179.89588760263112
2.1124316324714584e-6,224.700768976252,3503.7656321868,0.00784023874451868,-0.009583778984578323,3.052055368939795e-6,365.25643873176693,3624.4025151129954,0.02008838665483994,-0.004244800021959816,0.0008539318699218403,4243.071634176904,598.6286949095813,0.021117728484011906,-0.037264760010323916,-179.95726579450172
2.110104619978443e-6,224.70076894383828,3503.765633048717,0.007726021986312635,-0.009519332713726611,3.051437059412561e-6,365.25643841304895,3624.4025200073615,0.020010653147923826,-0.00418448654477628,0.0008593174578149881,4246.635051503907,4838.391875147334,0.021671906672362934,-0.03702300856612558,-180.02516570716057
2.1078029179109232e-6,224.70076891180852,3503.765633903041,0.007615922362978867,-0.009455949887666753,3.050846821840663e-6,365.2564380943221,3624.4025249138367,0.019936008355401956,-0.004125497478106099,0.0008645946166727982,4250.201461460816,4835.086250269989,0.022204631932148486,-0.03678632863606305,-180.099606600297
2.1055220468543718e-6,224.7007688800928,3503.7656347515144,0.007510047171460971,-0.009395227463729046,3.050286125143015e-6,365.25643777562937,3624.402529831372,0.019864545423120203,-0.004069150016622174,0.0008697542995394857,4253.770866560893,578.025599997198,0.022714721419750995,-0.036553724416667606,-180.18060228037936
2.1032695197901648e-6,224.70076884875292,3503.7656355924937,0.007408198066943259,-0.009335358061895978,3.0497523828175074e-6,365.2564374570295,3624.402534758905,0.01979604554420431,-0.004013969819475171,0.0008748058366514907,4257.343269319529,571.1614589066838,0.023204712501675814,-0.036326719718885604,-180.26816088435174
2.1010254850072335e-6,224.7007688177493,3503.7656364275194,0.007309608595734813,-0.009277613985965832,3.0492432363294447e-6,365.2564371387144,3624.4025396943575,0.019729987363361814,-0.003960969832812555,0.000879751867089538,4260.91867225421,4825.229160948866,0.023674700574059848,-0.03610269657065614,-180.36228484934173
2.098810494317998e-6,224.70076878705578,3503.7656372566,0.007215960935611451,-0.009222322606197732,3.04876836139404e-6,365.2564368205786,3624.402544638771,0.019667625689750293,-0.003910522031470139,0.0008845593041980796,4264.497077884551,4821.967500099388,0.024121293738507025,-0.035883377079698096,-180.46297078849912
2.096609727328843e-6,224.70076875671572,3503.7656380791773,0.007125503962035796,-0.009168117597120292,3.0483168261245998e-6,365.2564365028061,3624.4025495895144,0.01960761644267482,-0.0038614173190778243,0.0008892672507070865,4268.07848873227,550.6332508440702,0.024550397959080317,-0.035667976990891734,-180.57020949145982
2.0944433005629476e-6,224.70076872670518,3503.7656388952028,0.00704021064484019,-0.009115635520770235,3.0479010235051947e-6,365.25643618534406,3624.402554548145,0.01955146138336519,-0.0038142878656214872,0.0008938228676445465,4271.662907321217,543.7979785933583,0.02495626065945152,-0.035458432709465935,-180.6839857273777
2.0922869602687004e-6,224.70076869704377,3503.7656397049345,0.006958322043982328,-0.009064615315564621,3.0475113766905053e-6,365.25643586841585,3624.402559510176,0.019497823017820225,-0.0037688751712133583,0.0008982677605774785,4275.25033617735,536.976436868544,0.025343732851856992,-0.03525169463197505,-180.80427835209275
2.0901570246269605e-6,224.7007686676918,3503.7656405089974,0.0068806127506670775,-0.009015377874727913,3.047151446387065e-6,365.256435551994,3624.40256447696,0.019447271982655247,-0.0037254559047530935,0.000902579301635485,4278.840777828747,530.1586762186907,0.025711140162317278,-0.03504971265532669,-180.93106021818227
2.088039725313871e-6,224.70076863862243,3503.7656413082586,0.006806989514999931,-0.008968685865879426,3.046822512331168e-6,365.2564352362006,3624.402569446002,0.019399767632830717,-0.0036846691804569335,0.0009067558423086644,4282.434234805624,4805.794706117529,0.026058230539077153,-0.03485074695335161,-181.06429815194622
2.0859392577839927e-6,224.70076860990054,3503.7656421012202,0.006736536501446462,-0.008922747357166206,3.046517486600536e-6,365.25643492112494,3624.4025744162404,0.019354565900723725,-0.0036450112471923236,0.0009108223348185808,4286.030709640304,4802.594282839529,0.026389030100749528,-0.034655708553410415,-181.20395301457017
2.0838712685126087e-6,224.70076858150534,3503.7656428879277,0.006671044979928115,-0.008878067018452106,3.046247900956453e-6,365.25643460675593,3624.4025793885157,0.01931304124075933,-0.0036069965046836,0.000914730444180498,4289.630204867251,509.769866147355,0.02669850717735615,-0.03446592965817999,-181.34997971706736
2.0818079074833523e-6,224.70076855335165,3503.765643671166,0.006608762580695243,-0.008836270838998675,3.046004077582091e-6,365.2564342932654,3624.4025843587447,0.019273871846659563,-0.0035718633200931354,0.000918520449594184,4293.232723023047,4796.232502696361,0.026990658755761204,-0.03427802014799809,-181.5023272255844
2.079776187309371e-6,224.70076852550858,3503.7656444485715,0.006551580103423091,-0.008795859378537092,3.045797187386538e-6,365.2564339806548,3624.4025893287367,0.019238499883560228,-0.0035384943385264682,0.0009221421651242125,4296.838266646414,4793.073598236514,0.027261259014274775,-0.03409516148282887,-181.66093871349483
2.077761667588635e-6,224.70076849800006,3503.765645220079,0.00649746014550695,-0.008756055367312434,3.045614012381582e-6,365.25643366907093,3624.4025942951916,0.019205329072642153,-0.0035061617563929047,0.000925648049119741,4300.446838278193,489.47259305291584,0.027516631064486992,-0.033916087582334005,-181.82575153343484
2.0757620253540774e-6,224.7007684707021,3503.7656459887176,0.006447806813614234,-0.008719490425865346,3.0454652625503964e-6,365.2564333585533,3624.4025992575334,0.01917549165043768,-0.0034770908090834642,0.000928998890787817,4304.058440461376,4786.795845060668,0.027751844292671496,-0.033739291864403075,-181.99669738206902
2.073792465318122e-6,224.70076844372895,3503.765646751332,0.006402498224696802,-0.00868352400259139,3.0453482885728244e-6,365.25643304917855,3624.402604215222,0.01914883203207421,-0.003449120532786492,0.0009321970285536073,4307.673075741073,4783.674705649811,0.027968627941455586,-0.033567515329984865,-182.17370246440208
2.0718344285191636e-6,224.70076841699864,3503.765647510451,0.006360685143492483,-0.0086497690952954,3.0452593249328727e-6,365.2564327410604,3624.4026091657656,0.019124740608797302,-0.0034235284399537435,0.000935262330785031,4311.290746664547,469.285369368009,0.028168726140359132,-0.03339800788117784,-182.35668748142902
2.0699183195001322e-6,224.70076839056156,3503.765648264165,0.006324231076658899,-0.008616872008935215,3.0452084007138955e-6,365.25643243416465,3624.4026141108307,0.019104606668561997,-0.0033993062983417844,0.0009381492854901934,4314.91145578119,4777.480840842997,0.028348591733142536,-0.03323409394237922,-182.54556787246244
2.06801435538014e-6,224.70076836437158,3503.765649014386,0.006291167784938605,-0.008585898539383924,3.0451846670697553e-6,365.2564321287226,3624.402619046009,0.0190869488365669,-0.0033772331446554967,0.0009409012840024514,4318.535205642534,455.8710874636369,0.028512184641722182,-0.03307241855826704,-182.7402539911435
2.0661276043370583e-6,224.70076833843376,3503.7656497606386,0.006261757923110469,-0.00855660390864186,3.045189575218185e-6,365.25643182480013,3624.402623970093,0.019071957183528384,-0.0033571026811862626,0.0009435087591243503,4322.161998802264,4771.347390288,0.02865901841027992,-0.032914009931247434,-182.9406512306574
2.064261236131313e-6,224.70076831270228,3503.7656505044065,0.006236319124906936,-0.008529720974930318,3.045225256265892e-6,365.2564315224214,3624.402628883019,0.01905988578931622,-0.003339561311001306,0.000945966791324897,4325.791837816197,4768.312717464351,0.028788733728835565,-0.03275784696925047,-183.14666020258292
2.062435254655651e-6,224.70076828724734,3503.7656512432923,0.006215873034723115,-0.008503430131149292,3.0452966790308326e-6,365.2564312216084,3624.402633784991,0.019051494610902997,-0.0033231495362466917,0.0009482528937298385,4329.424725242311,435.8565547976183,0.02890016065218148,-0.03260683554415537,-183.35817700971873
2.0606210638658922e-6,224.70076826194045,3503.765651981013,0.006199597395823871,-0.008480727812657931,3.045401600721687e-6,365.2564309226116,3624.4026386713663,0.019046201396107493,-0.003310291061602261,0.0009503720129217995,4333.060663640716,4762.2865758904745,0.028992396489875075,-0.03245733893315029,-183.57509333130264
2.0588323599416917e-6,224.7007682369267,3503.7656527141407,0.006186335710389385,-0.008458113035987832,3.045529433983005e-6,365.2564306253811,3624.402643543151,0.01904304495857015,-0.0032980441153528696,0.0009523707117403956,4336.699655573688,4759.294195048449,0.029072214584972753,-0.03231120562475832,-183.79729680098453
2.0570924394671437e-6,224.70076821208397,3503.765653444913,0.0061794804451519286,-0.008437883153694328,3.045703028884575e-6,365.25643032996584,3624.4026484004958,0.01904467630150939,-0.003288490679413932,0.000954152803951154,4340.341703605639,4756.3218079117105,0.029129061804358192,-0.032169627283480565,-184.02467106798895
2.05535623490033e-6,224.7007681874226,3503.7656541739575,0.006174981976191818,-0.008420104098015298,3.045897165036053e-6,365.2564300366119,3624.4026532375856,0.019047994339996405,-0.003281423426672091,0.0009558163489901882,4343.986810303151,4753.376049185851,0.029173080762940774,-0.03202918984683849,-184.2570962164154
2.053662321423568e-6,224.70076816300582,3503.7656548992277,0.006175242389164821,-0.00840304411783118,3.046125633390187e-6,365.2564297452698,3624.4026580572026,0.019054803692037922,-0.0032755875623181356,0.0009573062646249935,4347.634978234944,402.8013849081674,0.0291995253149458,-0.03189307671344693,-184.49444884360236
2.05199365744537e-6,224.70076813871412,3503.7656556239604,0.006179880870805527,-0.008389102072264416,3.0463874524014292e-6,365.25642945605125,3624.402662856308,0.01906486954748437,-0.003272915831128727,0.0009586317198951868,4351.286209971916,4747.530102931675,0.02920862639257585,-0.03175853532402591,-184.73660239172472
2.0503686458094797e-6,224.70076811462005,3503.765656345995,0.006189506458634856,-0.008376455007926206,3.0466848301342054e-6,365.2564291689963,3624.402667635173,0.01907860562395028,-0.0032719319622376104,0.0009597771249720782,4354.940508087105,389.6940217805633,0.029199691700733162,-0.03162812241146444,-184.9834274417312
2.048768393204905e-6,224.7007680906719,3503.765657066981,0.006202838735233082,-0.008366359151545,3.047010522656051e-6,365.25642888426216,3624.4026723903453,0.019095062854201386,-0.0032735942496807994,0.0009607708298639601,4358.597875155713,4741.76509129009,0.02917518674474625,-0.03149959530124931,-185.23479188335358
2.04720704007302e-6,224.70076806689897,3503.765657786068,0.006220612661444589,-0.008357861050419262,3.047368280212389e-6,365.25642860186764,3624.4026771223507,0.019114784147952195,-0.0032771525860190542,0.0009615974690796687,4362.25831375512,4738.911308383268,0.02913410837990359,-0.03137415594930309,-185.49056128728586
2.045685626882737e-6,224.70076804327405,3503.7656585037635,0.006243021695436517,-0.008351446011419477,3.0477594866714172e-6,365.2564283219163,3624.402681829269,0.019137935271537735,-0.0032830081808537396,0.00096224880065969,4365.921826464849,370.15576381011596,0.0290755604542555,-0.0312517649296361,-185.7505990440353
2.0441993303943626e-6,224.70076801978007,3503.7656592207636,0.006269102265836724,-0.008347202283361976,3.048177061927739e-6,365.25642804443237,3624.402686510293,0.019163760141076742,-0.0032911492366904335,0.0009627549106730668,4369.58841586661,363.6725735507586,0.029002748330343747,-0.03113177614888353,-186.0147667478443
2.04274893351797e-6,224.70076799642922,3503.765659936795,0.006300352676743638,-0.00834521942155387,3.0486328175647015e-6,365.2564277695747,3624.402691163264,0.01919346099779304,-0.003301789742959494,0.0009630771435045087,4373.258084544263,357.2215409956182,0.02891159838371101,-0.03101336719530424,-186.28292440639666
2.041348309721613e-6,224.70076797316557,3503.765660652852,0.006336154575140839,-0.008345983665007177,3.0491197580523132e-6,365.25642749735704,3624.402695788098,0.01922650975781182,-0.0033152078605263495,0.0009632264055996121,4376.930835083852,4727.712962195206,0.028803332610899814,-0.030898278934068536,-186.55493076157774
2.0399957746385837e-6,224.7007679500568,3503.7656613674912,0.0063765789550281815,-0.00834800666723101,3.049638415891836e-6,365.2564272278007,3624.4027003842407,0.019262963568035384,-0.0033302011963833563,0.0009632110988345157,4380.606670073581,4724.960660528919,0.028679521901007476,-0.03078632579863995,-186.83064342848823
2.038681939194742e-6,224.70076792706698,3503.7656620816156,0.006420842703945758,-0.00835241801949807,3.0501845339472443e-6,365.2564269610815,3624.4027049485553,0.01930224593951385,-0.0033476585813665494,0.0009630398862969098,4384.285592103841,4722.2323934910355,0.028540136615030055,-0.030676220127838345,-187.1099192863644
2.037418718050995e-6,224.70076790412756,3503.765662796765,0.006470164790585911,-0.008359993393514687,3.0507654001266318e-6,365.2564266972007,3624.402709480979,0.019345303113002803,-0.0033682551353631175,0.0009626901674090698,4387.967603767188,4719.532280184692,0.028383070565056446,-0.030568333358977653,-187.39261471158522
2.036205149658264e-6,224.70076788129484,3503.7656635116427,0.006524042558032784,-0.008369716916956524,3.0513772660718763e-6,365.25642643624775,3624.402713980384,0.019391734442704204,-0.0033911179137986014,0.0009621731875593692,4391.652707658352,4716.852616198849,0.028209795941048298,-0.03046293571700341,-187.67858578230698
2.0350437519654185e-6,224.700767858548,3503.765664226779,0.006582330634294602,-0.008381748176898927,3.0520184497466605e-6,365.25642617821933,3624.4027184464044,0.019441419706900012,-0.0034163471486476,0.0009614979587798222,4395.340906374258,318.85167082507627,0.028021198737596596,-0.030359856086958608,-187.96768854457613
2.0339441542997247e-6,224.7007678358983,3503.765664941754,0.0066458868557334886,-0.008395825574989897,3.052694504084321e-6,365.2564259232402,3624.402722877689,0.019495037210176154,-0.0034437859876958374,0.0009606421300556529,4399.032202513994,312.5194434608021,0.02781491840317912,-0.03025956744301248,-188.25977929511916
2.032899056046065e-6,224.70076781328657,3503.765665657988,0.0067139719103758815,-0.00841311033857865,3.053400412520864e-6,365.25642567138885,3624.402727272272,0.019552026537207584,-0.0034743114078883345,0.0009596166661361359,4402.726598678848,4708.937664260747,0.027591703226051936,-0.030161303033077874,-188.55471474363154
2.031912326870589e-6,224.70076779074387,3503.7656663747316,0.006786706583617127,-0.008432794707145804,3.05413639385318e-6,365.25642542263506,3624.4027316301135,0.019612468010296407,-0.003507253033215168,0.0009584341689433365,4406.424097472274,4706.344368191259,0.027353027948988615,-0.03006525509032682,-188.85235232154184
2.0309828563197373e-6,224.70076776825803,3503.765667092451,0.006863687240649396,-0.00845527506312223,3.054899753153549e-6,365.2564251770774,3624.402735949929,0.01967606337918011,-0.003542917462741742,0.0009570984123886306,4410.124701499933,4703.775692440579,0.02709908593496143,-0.029970757198529856,-189.15255029932004
2.030122076596804e-6,224.70076774584422,3503.765667810361,0.006946060214713213,-0.008479725172207827,3.055697091697444e-6,365.25642493476465,3624.402740231446,0.019743691567707448,-0.0035806245317560586,0.0009555851884482068,4413.828413369652,4701.220880205512,0.02682784360349348,-0.029879602639523,-189.45516810516483
2.0293217825761787e-6,224.70076772343893,3503.7656685302827,0.007032836370426187,-0.008507875586742175,3.0565224201808177e-6,365.2564246957866,3624.4027444720996,0.019814605038364762,-0.0036217799923196113,0.0009539141839470373,4417.53523569147,4698.6979941926065,0.02654026653701186,-0.029789538644139267,-189.76006644622663
2.0285984629647295e-6,224.70076770111743,3503.765669250052,0.0071246178715051196,-0.008537563342988132,3.0573774756156636e-6,365.25642446003735,3624.402748673799,0.01988923609817526,-0.0036645850962838252,0.0009520850177880144,4421.245171077599,4696.183163049416,0.026237065097893045,-0.029702872772735704,-190.0671075244861
2.0279362071025247e-6,224.70076767879613,3503.765669972051,0.00722091575738648,-0.008571011642362578,3.0582611481511544e-6,365.2564242277407,3624.4027528329884,0.019967264058592178,-0.0037108501624517672,0.0009500987968059814,4424.958222142461,4693.701162031082,0.025917440846015074,-0.02961700950036546,-190.37615521873587
2.027355081152846e-6,224.70076765653275,3503.7656706945113,0.007322653556338048,-0.00860653452195742,3.0591772969897886e-6,365.2564239988561,3624.402756950529,0.02004936475581072,-0.0037592082553263187,0.0009479409255548939,4428.674391502662,4691.233239393372,0.025580357041734683,-0.029534210271111003,-190.68707526310564
2.0268426760146067e-6,224.70076763426792,3503.7656714190407,0.007428725805365611,-0.008645427944996327,3.0601188839555588e-6,365.25642377335845,3624.4027610255903,0.020134707639494185,-0.003810632104760988,0.0009456441239944215,4432.393681777005,4688.789007282724,0.025228723060449654,-0.029452799195429254,-190.9997353792875
2.0264198195744215e-6,224.7007676120255,3503.7656721446415,0.00754067847413056,-0.008686883252290193,3.061094956342605e-6,365.2564235513526,3624.4027650572352,0.020224466034133016,-0.003864527799482063,0.0009431669506597224,4436.116095586507,4686.360005602478,0.024858205795273505,-0.029374728856777353,-191.31400544607513
2.0260689768363515e-6,224.7007675897949,3503.76567287188,0.007657089250044747,-0.008731516567723259,3.0620970516359827e-6,365.25642333285515,3624.4027690444027,0.020317576998128258,-0.003921318377295759,0.0009405491135822133,4439.841635554365,4683.955426005297,0.02447226177806392,-0.029297861126607448,-191.62975764020135
2.02579878892475e-6,224.70076756760923,3503.7656735999262,0.007778196829929741,-0.008778480933397597,3.0631255853723e-6,365.25642311785805,3624.402772987419,0.020414203745319506,-0.0039802998685233995,0.0009377884721502978,4443.570304306,4681.564923345754,0.0240712466484272,-0.029223257669065666,-191.94686656107325
2.025614033760023e-6,224.70076754536967,3503.7656743310004,0.007904622332504167,-0.008829698381554918,3.06418458866131e-6,365.25642290643066,3624.402776884563,0.020514848304635975,-0.004043071008781707,0.0009348688871692832,4447.3021044690195,4679.20444147087,0.023652215617062603,-0.029149939769054327,-192.26520932316106
2.0255179065820805e-6,224.70076752322362,3503.7656750612546,0.008035958059988012,-0.008881888892112477,3.0652703584319863e-6,365.25642269852165,3624.4027807370703,0.020619183558324563,-0.004106860646703322,0.0009318079581987696,4451.037038673253,4676.843222697158,0.023218006024732746,-0.029080295803086798,-192.58466569232274
2.0255123592158333e-6,224.70076750100765,3503.7656757948785,0.008172839965611996,-0.008938483372325785,3.066386997454922e-6,365.2564224942001,3624.402784542984,0.02072771557183445,-0.00417451949584669,0.0009285915425781626,4454.775109550725,219.73571988045254,0.02276587404838199,-0.0290120057126079,-192.90511814744002
2.025600762811679e-6,224.70076747883894,3503.7656765286943,0.008314893902989508,-0.008997090986857473,3.0675319686264937e-6,365.25642229346505,3624.4027883024874,0.020840145515521255,-0.004244059226367159,0.0009252279783109702,4458.516319735684,4672.1859880757265,0.022296892006275965,-0.028946817704916684,-193.22645202958023
2.0257805188484407e-6,224.7007674566545,3503.7656772643963,0.008462004913820638,-0.00905902012161025,3.0687039266858587e-6,365.25642209632025,3624.4027920149724,0.02095639685940094,-0.004316515625495028,0.0009217252497949292,4462.260671864577,4669.8793137978655,0.021811375696197927,-0.02888347679055813,-193.54855550659371
2.026047641436063e-6,224.70076743446418,3503.765678001796,0.008613705886998498,-0.009124354053463346,3.0698999753768077e-6,365.2564219027793,3624.4027956799177,0.02107613568775257,-0.004391921892426778,0.0009180984001376671,4466.00816857608,201.5841655545092,0.021310737348259327,-0.028821377987659418,-193.8713197247189
2.026423251642678e-6,224.70076741228362,3503.765678739897,0.008771457323760853,-0.009191892150416192,3.0711282983129855e-6,365.25642171282374,3624.4027992974206,0.02120045296995302,-0.004469336405658841,0.0009143144998253982,4469.7588125110715,4665.310372972022,0.02079127993418145,-0.02876321826341809,-194.19463885197493
2.026886805945631e-6,224.70076739011827,3503.765679479117,0.008933557247510777,-0.009262375569082536,3.0723785673244283e-6,365.25642152644133,3624.402802867387,0.02132805901511025,-0.00454927676506963,0.0009104188244374688,4473.51260631265,189.52944282624634,0.020257389253164546,-0.02870637885855452,-194.5184100468177
2.027468281082622e-6,224.70076736793695,3503.765680219563,0.009102415257076632,-0.009335490367544382,3.073664896727353e-6,365.2564213436692,3624.402806389423,0.021460818946719078,-0.0046315564453211396,0.0009063593401893383,4477.269552626147,4660.780232995809,0.01970319850772197,-0.02865349316992508,-194.84253357716395
2.0281445429227002e-6,224.7007673457751,3503.765680960763,0.00927582933406232,-0.009411144349640839,3.0749735273398703e-6,365.25642116437984,3624.4028098644612,0.021597031122477763,-0.004715999505869363,0.0009021932922589882,4481.029654099095,4658.52561068744,0.019134699195290858,-0.028602645565172655,-195.16691279894562
2.0289233914243453e-6,224.7007673235669,3503.765681703978,0.009454779018684986,-0.009490769976339672,3.07631105161125e-6,365.2564209887891,3624.402813289111,0.02173748029269584,-0.004803803969136164,0.000897888430483539,4484.79291338127,4656.2905804234615,0.01854717001510469,-0.028553635630162458,-195.49145416280382
2.029812890078289e-6,224.7007673013815,3503.765682447464,0.00963948656692081,-0.009572356012820065,3.0776775595297266e-6,365.2564208166742,3624.4028166667,0.021882314035809713,-0.004893288559587833,0.0008934577361798847,4488.559333124656,4654.0527750127685,0.017942733454672687,-0.02850836027682767,-195.81606725636547
2.030804256780523e-6,224.70076727920784,3503.7656831913832,0.00982909845323957,-0.009656634216426709,3.079068144158889e-6,365.25642064809,3624.4028199955696,0.0220309001326844,-0.004985026353411385,0.0008889154052387795,4492.328915983481,4651.82097676208,0.017322024411825624,-0.028465593269712992,-196.14066472701333
2.0319167708274504e-6,224.70076725701398,3503.7656839363203,0.010025326699283684,-0.009743589339091334,3.0804924814305703e-6,365.25642048300466,3624.402823276325,0.022184553576794004,-0.005079033361696516,0.0008842345091940254,4496.101664614183,4649.59012388816,0.016681696679529578,-0.028426707684977633,-196.46516234355138
2.0331348930274544e-6,224.70076723483768,3503.765684681523,0.01022670235159223,-0.009833065816883238,3.081942169615462e-6,365.25642032144896,3624.4028265081242,0.02234214343499798,-0.005175136346233045,0.0008794419402932201,4499.877581675452,4647.362523268117,0.01602424842334677,-0.028390475978318213,-196.78947894185015
2.0344676950570527e-6,224.70076721264752,3503.7656854275856,0.010433996190091515,-0.009925484327049003,3.083421098544361e-6,365.25642016330704,3624.402829692055,0.02250428690784903,-0.005273673469219632,0.0008745358518558869,4503.65666982819,4645.13773859769,0.015349383055708805,-0.02835741020787716,-197.11353639830583
2.035894440117947e-6,224.70076719050687,3503.765686172814,0.010645356202991542,-0.010019774239877492,3.084918658777647e-6,365.25642000859835,3624.402832827484,0.022669554230896317,-0.00537367117410738,0.0008695442861606764,4507.4389317355535,4642.908878703017,0.014659491348763723,-0.02832704169294808,-197.43725956405427
2.037465571986432e-6,224.70076716832938,3503.765686918939,0.010865361543197248,-0.010116455401455763,3.086461886806235e-6,365.25641985735984,3624.4028359144017,0.022841473944524113,-0.005475713378000166,0.0008643903574345492,4511.22437006292,4640.672718944096,0.013945110134409085,-0.028302254148836765,-197.76057629445268
2.0391316307644187e-6,224.7007671461826,3503.7656876649357,0.011089516017465979,-0.010215731819172343,3.0880236774033183e-6,365.256419709408,3624.402838954234,0.023016605195218864,-0.005579802987955331,0.0008591697419382688,4515.012987477908,4638.438390903859,0.013217504149421156,-0.028279239328696203,-198.0834173235154
2.040908780534754e-6,224.7007671240566,3503.7656884102666,0.01131907599011488,-0.010317210080015456,3.0896115961422267e-6,365.25641956481184,3624.402841945361,0.02319591035521536,-0.005685634190252481,0.0008538487905732244,4518.804786650387,4636.19577726034,0.01247179888101614,-0.02826032292661373,-198.40571624478602
2.0428195012773373e-6,224.70076710195357,3503.7656891548772,0.01155592717893779,-0.010419865071164089,3.0912362390076284e-6,365.2564194234804,3624.40284488979,0.023380841265372758,-0.005792421539724946,0.0008484058304646041,4522.599770252454,4633.933861797467,0.01170492695299729,-0.02824704462066045,-198.72740946519522
2.044836474589329e-6,224.70076707986087,3503.7656898993273,0.01179828526167143,-0.010525175732603585,3.0928880600282693e-6,365.256419285422,3624.4028477865113,0.023570054648575735,-0.005901292473055361,0.0008428777091837959,4526.397940958465,4631.669072496515,0.010921031299850548,-0.02823683448487256,-199.04843611312577
2.047002494144413e-6,224.70076705772638,3503.7656906441175,0.012049557122082201,-0.010632651508721898,3.0945867050047844e-6,365.25641915070037,3624.4028506348063,0.023766176015363977,-0.006011934975083689,0.000837198652705363,4530.199301445006,4629.387068390521,0.010110700903102034,-0.028233255987586678,-199.36873796260338
2.0492564902776967e-6,224.70076703570714,3503.7656913859796,0.01230398076860496,-0.010740924034206229,3.096297375466186e-6,365.2564190189791,3624.4028534376816,0.0239647582179152,-0.006123066461550826,0.0008314886066707562,4534.003854390929,4627.086410709071,0.009289335935569838,-0.028233051698557433,-199.6882594074517
2.0516593433216982e-6,224.70076701362427,3503.765692128786,0.012568082756765043,-0.010851744819986221,3.0980603056633614e-6,365.25641889058585,3624.402856192336,0.024170867399071105,-0.006236253955866269,0.000825625618857967,4537.811602477315,4624.771507312274,0.008440037559512836,-0.028239129909177058,-200.00694731183972
2.0541511927213415e-6,224.70076699163437,3503.765692868944,0.012835467238790855,-0.010963943549881462,3.099836276756857e-6,365.2564187651424,3624.402858901348,0.024379559192489818,-0.0063504015239295745,0.0008197327309959515,4541.622548387518,4622.441475951725,0.007578393159380909,-0.02824840005147746,-200.3247510134618
2.0567952598869356e-6,224.70076696959896,3503.765693609351,0.01311298220641796,-0.011077930089387816,3.1016674315781326e-6,365.2564186429416,3624.4028615628213,0.02459614131828074,-0.006465967238697954,0.0008136913720402366,4545.43669480713,4620.08740743976,0.00668804460800711,-0.028265054556418114,-200.64162218126552
2.0595518361954744e-6,224.7007669476642,3503.765694346285,0.013395909417101445,-0.011191967272220833,3.1035239314701665e-6,365.2564185235991,3624.4028641794284,0.024816959946133466,-0.006581426965250629,0.0008075923481873088,4549.2540444239985,4617.697645377147,0.005780833007658414,-0.02828839799168079,-200.9575147420873
2.0624285127945313e-6,224.70076692578874,3503.76569508107,0.013685810966039168,-0.011306409166339279,3.105416552350791e-6,365.2564184071769,3624.402866751656,0.025043249458412922,-0.006697097569818676,0.0008014164954279641,4553.0745999282435,4615.277197568128,0.004853484208306378,-0.028317889480531076,-201.27238483164237
2.065460820123823e-6,224.70076690381404,3503.7656958167345,0.013986132799972165,-0.011424298216278652,3.107365956669705e-6,365.25641829399797,3624.402869274017,0.02527769306087116,-0.006815508014635252,0.0007950912427821929,4556.898364012225,4612.8414201379255,0.003893980617264082,-0.02835477387903038,-201.58619064800016
2.068602077049133e-6,224.7007668820004,3503.765696547677,0.014292228021807218,-0.011540222518708497,3.1093440854678304e-6,365.25641818343354,3624.40287175533,0.025516678287751622,-0.006932168186700402,0.0007887292088304673,4560.7253393705805,4610.35398051323,0.0029190643127953242,-0.02839921737360202,-201.89889243134715
2.0718594611307597e-6,224.7007668601666,3503.765697277849,0.014605427096441068,-0.011658801593023314,3.111359497270747e-6,365.25641807580797,3624.402874190078,0.025761272985644568,-0.007050816663702562,0.0007822913932634011,4564.555528700195,4607.850180694736,0.0019209344691207611,-0.028448973377794444,-202.21045233215534
2.075270814067473e-6,224.70076683834958,3503.765698005896,0.014928741677793227,-0.011777805055617608,3.1134298434613052e-6,365.25641797106783,3624.4028765791086,0.026013809384386313,-0.007169734690575999,0.0007757390788028002,4568.388934700237,4605.302093279723,0.0008940019315136905,-0.028508709707788866,-202.52083434840895
2.078793663871625e-6,224.70076681660004,3503.7656987307773,0.015259224658115033,-0.01189660121760123,3.1155389823926864e-6,365.25641786907613,3624.4028789239796,0.02627201023685101,-0.007288292417513178,0.0007691245957059697,4572.22556007212,4602.711767727516,-0.00015538631291692228,-0.028576341107035583,-202.83000422664594
2.0824581588941856e-6,224.70076679485558,3503.7656994539216,0.01559933124069553,-0.012016421049629026,3.1177008881513314e-6,365.25641776985896,3624.402881224163,0.026537802014336205,-0.007407566536315619,0.0007624200493498418,4576.065407519548,4600.084690395478,-0.001232209471009727,-0.028652563870212568,-203.13792940233338
2.086271262749968e-6,224.70076677310612,3503.765700175112,0.015949805902319057,-0.01213688004723994,3.1199202585732727e-6,365.2564176734141,3624.4028834791675,0.026811769323908892,-0.007527234385792589,0.0007556125697461334,4579.908479748476,4597.411451975526,-0.002339680779438171,-0.028739105280801855,-203.44457888377465
2.090210877588168e-6,224.70076675144404,3503.7657008923547,0.0163088547279914,-0.012256099940382365,3.122187064110536e-6,365.25641757959806,3624.4028856909913,0.027092525407761105,-0.007645748429666257,0.0007487398847106744,4583.754779467149,4594.684085533653,-0.0034727666210834836,-0.02883559143076993,-203.74992325030942
2.0942487821453664e-6,224.70076672988134,3503.765701605568,0.016674232670158867,-0.012375386889687357,3.1244882242290605e-6,365.25641748828855,3624.402887860215,0.027378349593388668,-0.007764109018259638,0.0007418475257055427,4587.604309386074,4591.916070953619,-0.004624776885393415,-0.028939647828220727,-204.0539344583856
2.0984925091112503e-6,224.70076670821186,3503.765702318195,0.017055756929911077,-0.012495041442723695,3.1268823858836036e-6,365.25641739981063,3624.4028899829013,0.027676879348340275,-0.007882721533879207,0.0007347789868315022,4591.457072218035,4589.083463791102,-0.005823360338393224,-0.029059350422865678,-204.35658589115772
2.1028245311473276e-6,224.70076668666843,3503.765703026145,0.01744311656905846,-0.012614356248626238,3.1293087762970772e-6,365.25641731384155,3624.402892062821,0.027980108536729636,-0.008000831429521287,0.000727701699028328,4595.313070678106,4586.209335643365,-0.007041302613887592,-0.029186422891239294,-204.65785223792943
2.107344387188801e-6,224.7007666650566,3503.7657037328686,0.017845375715896592,-0.012734151431161576,3.131821363031367e-6,365.25641723053184,3624.402894097712,0.02829509899629159,-0.008119264146581612,0.0007204936878616449,4599.172307483622,4583.274747965605,-0.008300793309092528,-0.02932801199338367,-204.9577094207408
2.111981593031682e-6,224.70076664361355,3503.7657044330244,0.018256551572578487,-0.012850061317594605,3.134385665554035e-6,365.2564171495436,3624.4028960918786,0.028617207858003042,-0.00823434658389718,0.0007132517884926675,4603.034785354223,4580.255991514616,-0.009585301198967538,-0.02948372839908926,-205.25613458053385
2.1167415094312936e-6,224.7007666221535,3503.765705131012,0.018677322313630364,-0.012967862318616399,3.1370060050911817e-6,365.25641707117404,3624.4028980404987,0.02894698538336086,-0.008350783220676965,0.0007059531902228258,4606.900507011809,4577.202645278224,-0.010902224993073282,-0.029648694563582673,-205.55310600095257
2.1217066105623037e-6,224.70076660062605,3503.765705827389,0.019115378964042952,-0.013085315084782896,3.1397287292880917e-6,365.25641699548885,3624.4028999434927,0.02929042702665831,-0.008466896834127656,0.000698511434419815,4610.76947518059,4574.078653558106,-0.012267678264003355,-0.029830637713423435,-205.8486030600706
2.1267748536689966e-6,224.70076657923227,3503.7657065180306,0.019561794281508206,-0.013200244788807882,3.142501295317754e-6,365.2564169220763,3624.4029018057445,0.029640593876223816,-0.008580744016220542,0.0006910585006069506,4614.641692587041,4570.884701713723,-0.013658839871352501,-0.030024971964106726,-206.14260623207286
2.13204009546317e-6,224.70076655778433,3503.7657072061374,0.020024275353701357,-0.013315458820860005,3.145368248109482e-6,365.2564168512216,3624.402903621828,0.030003508847829242,-0.008694764519267905,0.0006834893165340915,4618.517161959947,4567.617685449507,-0.015097163507385408,-0.030237388187778862,-206.43509700609772
2.1373894343184396e-6,224.70076653647854,3503.7657078882116,0.02049466286723236,-0.013428550471176803,3.1482849717256262e-6,365.2564167826493,3624.4029053963036,0.03037281664553483,-0.00880679184727491,0.0006759276792376389,4622.395886030365,4564.2866229657075,-0.01656039424290241,-0.03046185018363435,-206.72605791639168
2.1429429385217778e-6,224.7007665151102,3503.765708567809,0.020982499674666987,-0.013540905328266697,3.151306236322634e-6,365.2564167166659,3624.402907124593,0.030755968565323363,-0.00891816914917018,0.0006682412327240958,4626.277867531666,4560.874986805307,-0.018076700217292338,-0.030705697609994493,-207.01547252682724
2.148621343132775e-6,224.70076649385211,3503.765709241632,0.021481341449119448,-0.013650828484830268,3.154395411282988e-6,365.256416652934,3624.402908811206,0.03114796534089783,-0.00902741914135569,0.000660535883265811,4630.163109199501,4557.387608735605,-0.019626192016936096,-0.030965021495334578,-207.30332537287416
2.1544748080665505e-6,224.70076647255775,3503.765709912533,0.02199629756505329,-0.013760527159829177,3.1575836408645733e-6,365.25641659171157,3624.4029104523693,0.03155280069026765,-0.009136353628463564,0.0006527465373142824,4634.05161377182,4553.8274512679745,-0.021224317876206832,-0.031242485032594927,-207.58960202150115
2.1604573648115196e-6,224.70076645133673,3503.7657105780568,0.02252252585155687,-0.013869046354359735,3.1608412361943165e-6,365.2564165327692,3624.402912050036,0.03196669259503844,-0.009244166532817339,0.0006449377096587799,4637.943383988885,4550.1954556579185,-0.0228597221854577,-0.03153623488496937,-207.87428908551828
2.1665897641355103e-6,224.70076643017097,3503.765711238751,0.023062726792059215,-0.013975748348357266,3.1641864980065383e-6,365.2564164762105,3624.4029136041495,0.03239177949055887,-0.009350373147122061,0.0006370870340168441,4641.8384225932405,4546.487827293173,-0.02453850864013574,-0.031847443387918596,-208.1573742113379
2.172881714691661e-6,224.70076640904884,3503.765711894196,0.02361776475662649,-0.0140808571921412,3.1676243556175356e-6,365.25641642196786,3624.402915113873,0.03282874805347211,-0.009455154741390784,0.000629193061220249,4645.736732329755,4542.694888838495,-0.026262892415751127,-0.03217914271769556,-208.43884614723075
2.1792649448694407e-6,224.700766388106,3503.7657125420387,0.0241811001050798,-0.014182470511989965,3.1711159517759016e-6,365.25641636978855,3624.4029165833017,0.033272468160244296,-0.009556910896273594,0.0006213319729490459,4649.638315945581,4538.82197569731,-0.02801762961154883,-0.032526882476515376,-208.7186947290088
2.1858263337492193e-6,224.70076636715712,3503.7657131854244,0.024761562722893034,-0.014283214171413159,3.174715888482987e-6,365.2564163200712,3624.402918006177,0.0337298851001412,-0.009657854547636237,0.0006134064689783087,4653.543176190198,4534.866357562815,-0.029826983196948806,-0.032896637252200184,-208.99691096436345
2.1925187726575492e-6,224.70076634630212,3503.765713822599,0.02535440524031953,-0.014381934890840317,3.1783952241306645e-6,365.2564162725779,3624.4029193859133,0.034197273078549605,-0.009756993516078153,0.0006054776296154729,4657.451315815376,4530.830843811287,-0.03167868086048542,-0.033285570421626096,-209.27348702809874
2.199287971446625e-6,224.70076632562214,3503.765714451888,0.025954984442303736,-0.01447833970715779,3.182127332575229e-6,365.25641622710503,3624.4029207248786,0.03467100891251688,-0.00985405214232383,0.0005975997794941475,4661.362737575214,-134.63783473368113,-0.03356108836929414,-0.03369101202130942,-209.54841635866086
2.206150559473438e-6,224.7007663051322,3503.7657150735927,0.02656377227996301,-0.014572602935628528,3.1859116688501033e-6,365.256416183654,3624.402922024021,0.03515144944650719,-0.009949179302581242,0.0005897788676771172,4665.277444226106,4522.548904917799,-0.03547290007656673,-0.03411182829262995,-209.82169362132447
2.213161230148683e-6,224.70076628470375,3503.7657156887567,0.027187804849468037,-0.014664333286636373,3.189796784355022e-6,365.2564161425055,3624.4029232776347,0.03564412905678365,-0.01004211237979155,0.0005819286852036034,4669.195438526779,4518.278750101293,-0.03743819331895696,-0.034557492794695895,-210.09331479386748
2.220234462347072e-6,224.70076626454662,3503.7657162939063,0.027817522880483458,-0.014752340285957177,3.1937212506753303e-6,365.25641610325897,3624.402924491745,0.036141555754062936,-0.01013183928773454,0.0005741607029036243,4673.116723238264,4513.929541088455,-0.039428387701792286,-0.035020907700184734,-210.363277132382
2.227319390762719e-6,224.700766244607,3503.7657168911464,0.02844894205949116,-0.014839957286761237,3.1976622756597725e-6,365.25641606590244,3624.4029256678145,0.03664058004897861,-0.010220953477306463,0.0005665037047082619,4677.041301123908,4509.544779578274,-0.04143780817869924,-0.035493514674233596,-210.63157921030347
2.2345479371217768e-6,224.70076622477896,3503.7657174811065,0.029094005467471148,-0.014924860208651875,3.2016923259475696e-6,365.2564160306682,3624.4029268012005,0.03715058971833197,-0.010307759228228885,0.0005588476787622806,4680.969174949397,4505.067587570646,-0.043496043995067714,-0.03599037408775402,-210.89822089319068
2.241688902095836e-6,224.700766205411,3503.7657180578904,0.02973124374383895,-0.015005651248134863,3.2056804508184076e-6,365.25641599687003,3624.4029279015954,0.03765470482194866,-0.01039087405736034,0.0005513950788051492,4684.900347482716,4500.544273461192,-0.04554674575399356,-0.036494849215917696,-211.1632032925475
2.2489000243754705e-6,224.70076618624552,3503.7657186264146,0.030375346925571315,-0.01508484877204251,3.2097162465219686e-6,365.256415965034,3624.4029289624723,0.03816446947701251,-0.010472498978478783,0.000544007436319587,4688.834821494198,4495.955298526778,-0.04762757297070812,-0.03701677212745204,-211.4265287522603
2.2561392352226905e-6,224.7007661673327,3503.7657191850894,0.031022267557099914,-0.015161407708029208,3.2137754396388674e-6,365.256415934928,3624.4029299856143,0.03867669720372607,-0.010551763891923806,0.0005367110755904868,4692.77259975648,-201.47311572469079,-0.049732885752330105,-0.03755595434990777,-211.6882007637345
2.26329871102517e-6,224.7007661488764,3503.7657197313574,0.031661977469569225,-0.01523400166474121,3.2177958276168743e-6,365.2564159062927,3624.402930977319,0.039183488722103754,-0.010627490954463407,0.0005296046664146585,4696.7136850445495,4486.603058368237,-0.051830239843097085,-0.03810145622105161,-211.94822387800795
2.27045002305868e-6,224.70076613071095,3503.765720267464,0.032300845797389316,-0.015304952271671243,3.2218161098827846e-6,365.25641587929914,3624.4029319329125,0.03968983984750523,-0.010701634020557495,0.0005226126764587371,4700.658080135704,4481.855059645203,-0.05394264350826569,-0.038660797374645936,-212.20660364240572
2.2775737844172224e-6,224.70076611287467,3503.765720793386,0.032937361660105434,-0.015373927949914691,3.225827172965362e-6,365.25641585385534,3624.4029328555307,0.04019456022060754,-0.010773897409931172,0.0005157557419742819,4704.605787809592,4477.065616002204,-0.05606209534335339,-0.039230440702361986,-212.463346504788
2.284622896374728e-6,224.7007660954731,3503.7657213067655,0.03356661710989731,-0.015438926803833972,3.229797774295134e-6,365.2564158297687,3624.4029337468705,0.040693763809840924,-0.010842663132854577,0.0005090641806098385,4708.556810848181,4472.225409058958,-0.05817678145460935,-0.039810451981037234,-212.71845967741842
2.291539679454162e-6,224.70076607853164,3503.7657218079426,0.03418365852424405,-0.015501963677132326,3.2336979050384057e-6,365.25641580698027,3624.402934609121,0.04118354359917338,-0.01090947677349228,0.0005025685991473245,4712.51115203578,-245.14372513061582,-0.06027428941448047,-0.04039299298578938,-212.97195105005895
2.2984040350350034e-6,224.70076606194257,3503.7657222983376,0.03479584251983441,-0.015562660468644365,3.2375717140043315e-6,365.2564157855998,3624.402935439903,0.04166966538273629,-0.010974083564688354,0.0004962053244629663,4716.468814159045,4462.464710906386,-0.06237455921473526,-0.04098638158005719,-213.2238291246474
2.3052133722417616e-6,224.70076604570306,3503.765722778481,0.035402935044573515,-0.015621617774215729,3.2414187340398232e-6,365.2564157656796,3624.402936239526,0.04215195416343464,-0.011037032380342648,0.0004899735342800344,4720.429800006956,-262.90685777578886,-0.06447542970701307,-0.041589089287331224,-213.47410282846926
2.311816419664042e-6,224.70076603006711,3503.765723243964,0.03599028030771767,-0.015676719038146075,3.2451452390856024e-6,365.25641574663297,3624.402937016042,0.04261883319142788,-0.011096471336745233,0.0004839824953418087,4724.394112370853,4452.569573845257,-0.06653484156976745,-0.04219083692755906,-213.7227815315358
2.318401573233908e-6,224.70076601475404,3503.7657236991877,0.03657660157723009,-0.01572850291741253,3.2488707420904567e-6,365.25641572912747,3624.402937760297,0.04308506963066234,-0.01115300437418984,0.00047808042949131033,4728.361754044402,4447.555577365584,-0.06860589512532858,-0.04280792091781851,-213.9698748407805
2.324770955868844e-6,224.70076599997657,3503.765724141551,0.03714187165369831,-0.015778949075772975,3.2524660441549446e-6,365.2564157125165,3624.402938481817,0.043534824475078164,-0.011208057711745479,0.0004723995372129598,4732.332727823635,4442.545982453188,-0.07063775396432458,-0.04342033117244511,-214.2153926195647
2.33106015608448e-6,224.700765985585,3503.7657245731552,0.03769965379882693,-0.015827269846865517,3.2560172446596393e-6,365.2564156971478,3624.402939175508,0.04397880799126854,-0.011261130789519128,0.00046684965194906464,4736.307036506911,4437.497505593511,-0.07266067076419994,-0.04404183097983189,-214.45934490044638
2.3372136046541704e-6,224.70076597157043,3503.765724994998,0.038245951736929074,-0.015875525868703628,3.259501871467181e-6,365.25641568307617,3624.402939842288,0.04441383677034046,-0.011313763835380566,0.0004614421749256221,4740.28468289496,4432.449667134209,-0.07466946233684908,-0.04466364074594233,-214.70174177349801
2.3431961610804175e-6,224.7007659581133,3503.765725403523,0.0387751752856406,-0.015919834746790772,3.262879038244836e-6,365.2564156697989,3624.4029404885973,0.04483550648837935,-0.01136292815872195,0.00045622643515046287,4744.265669790844,4427.374261375402,-0.07663922483386053,-0.04528729120605188,-214.94259339668872
2.3490405279068932e-6,224.70076594507216,3503.7657258010636,0.03929173084294606,-0.01596232676869536,3.266179452076709e-6,365.25641565770303,3624.402941108497,0.04524726973423831,-0.011410299619745094,0.00045114454951443456,4748.249999999999,4422.280346820865,-0.07859277275691988,-0.04591489633882947,-215.18190992151773
