mu_1,P_1,t01,ecos1,esin1,mu_2,P_2,t02,ecos2,esin2,mu_3,P_3,t03,ecos3,esin3,mu_4,P_4,t04,ecos4,esin4,lprob
2.1206224815737926e-6,224.70076959023703,3503.7656277311085,0.006768492270186571,-0.006771874454604682,3.0356353407284992e-6,365.25644348227337,3624.4024755336336,0.019341648092042214,-0.0008735225209543898,4.3929822088529107e-7,657.4500000000002,232.18805664616107,-0.021228911903548822,-0.036442292120850525,0.0008379310302621317,4246.237209005525,580.2491630448177,0.0288338045483263,-0.03810171545078733,-170.67127188914702
2.141343572882274e-6,224.7007697051249,3503.765621858825,0.010086723787584299,-0.00823496675065699,3.0588557828457636e-6,365.2564444712364,3624.4024592806336,0.02202554846454468,-0.002289275664282712,4.501933267640737e-7,659.1398177024384,206.09966876375788,-0.010375930222095908,-0.04310036736141303,0.0007938905303213788,4249.671068387099,583.2174532655488,0.02625141263150797,-0.03950785820176733,-170.9194024464935
2.166206857310122e-6,224.70076932698703,3503.765622180237,0.014123716024634927,-0.010208182514548475,3.085760794849242e-6,365.2564453384565,3624.4024417684873,0.025241211673505636,-0.00410680890626283,4.530820615931818e-7,660.8339786764075,180.24617779729957,0.004962878892132584,-0.0476810374452446,0.0007403164530884139,4247.008637709671,591.8275445139742,0.022477404903138848,-0.04269515277284507,-171.58652599161644
2.2041218227683003e-6,224.70076841070437,3503.765628652497,0.019152138147419666,-0.012588290357063207,3.1184809951136833e-6,365.256446172977,3624.4024234167237,0.02922985453955424,-0.006254502181737949,4.573600339359352e-7,662.5324940852447,153.7834399690867,0.02317162670845683,-0.04753526221200381,0.0006783883327027989,4240.090814811279,602.5702210296071,0.017199401647898738,-0.048113023009111265,-172.54021670069898
2.2488531804432525e-6,224.70076752109802,3503.7656279215807,0.024494721159538945,-0.014780809610528137,3.1532817743507827e-6,365.256446816398,3624.402408849208,0.033461117273867975,-0.008272644784968492,4.720065624416997e-7,664.2353751209824,126.27268249568769,0.03785008822331827,-0.042008484667833655,0.000622990206982985,4234.650226412425,604.939653314699,0.012169208699107098,-0.055364684723842726,-173.70059349545093
2.277868953199271e-6,224.70076794638965,3503.7655874519337,0.028602600175597265,-0.01652792698719851,3.1798460017018976e-6,365.25644677851693,3624.402405725315,0.03667071238122761,-0.00994313765899806,4.911738749342374e-7,665.9426330044193,97.06375888722421,0.042683147974983564,-0.03810987942721797,0.0005856840725024801,4233.428951561322,596.1718405923574,0.008402397134566471,-0.0634945506776123,-175.0365841525478
2.273047106854089e-6,224.7007710375311,3503.765462904908,0.030607865244880482,-0.018755362112108674,3.190818813763295e-6,365.256445819716,3624.4024162834435,0.03810316209365142,-0.011950143662056463,4.870740487304087e-7,667.6542789851924,64.43695811457307,0.042603070837973045,-0.04680103258740927,0.0005590132922666931,4230.717308389964,588.6747713642958,0.0023308396112076083,-0.07336741725505919,-176.40433548085662
2.200217290304122e-6,224.70077753767603,3503.7652169860753,0.027307761756813653,-0.021519143644762786,3.1639260515535276e-6,365.2564442122626,3624.4024364227816,0.03517515935341644,-0.014196057318633952,3.947503963280993e-7,669.3703243418549,694.6388468141057,0.04988565629144424,-0.0812260141465891,0.0005539873534675179,4217.520094361417,603.33109881273,-0.007260991018667536,-0.08270672409014769,-177.45651561763324
1.8072072562707815e-6,224.7007930653412,3503.764976639056,5.2542566959777174e-5,-0.016696079473642877,2.9917082775978354e-6,365.25644264691255,3624.4024574670048,0.013121620719616114,-0.009658070878828279,1.2185066286213379e-7,671.0907803819495,-60.84459267020602,-0.15812804187179294,-0.39711603931970174,0.0007894442979888946,4188.702306753894,713.8790792201856,0.005498740348364831,-0.05198925182479743,-177.2340258952243
1.424980649549596e-6,224.700814774122,3503.76556642603,-0.0179520961627971,-0.012342473469483051,2.8828788866071454e-6,365.25644610537506,3624.402411207758,-0.0017204643189255213,-0.005200813747008352,1.7491088756377465e-8,672.8156584420794,-683.5187462093791,-4.4362084582284975,-3.2257171535929663,0.0010575236823602912,4151.780251716944,844.9171589994314,0.012383699514815811,-0.02917740916890216,-173.00059052039742
1.4100529943678008e-6,224.7008146765243,3503.759883981883,-0.018257822130954823,-0.00935807641887788,2.880332246834055e-6,365.2564494846858,3624.402364212686,-0.0018644192731186698,-0.002456913171531912,1.0622331603116179e-8,674.5449698879887,27.012476387821863,-8.98558083442533,-2.9702006147075335,0.0011329550828617786,4157.317444957661,817.4482708228666,0.017188514856290624,-0.02528865910683299,-168.676480238004
1.529212070173076e-6,224.70080647050332,3503.76376169526,-0.014684308298678356,-0.007015844767167223,2.9042143226391263e-6,365.2564536236397,3624.4023041834407,0.0013278544147766907,-0.0007235857897791424,1.9841583673387965e-10,676.2787261146339,-25.578457423422336,-448.64216681197814,-0.0025463210506165945,0.001122953038701985,4166.843684028819,766.8849186127952,0.020254820042461312,-0.025618613460712442,-166.75349432576337
2.071299029549966e-6,224.70075916777196,3503.7651077351584,-0.011694760878774631,-0.006418792244740982,2.915548352032016e-6,365.25645525469685,3624.4022610483476,0.004665636200452102,0.00023262178952767164,5.986511381362535e-7,678.0169385462574,469.5075588362217,0.10430066244522664,-0.03514189746544448,0.0017072579565639461,4302.584330771643,465.73877143013914,0.03486496442688198,-0.028774870930294755,-163.81449121859586
2.067794916632797e-6,224.70075982521035,3503.7653887173087,-0.010764615024269598,-0.006258009006564479,2.9195444941285068e-6,365.2564560719483,3624.4022386801057,0.005412562498988459,0.0003900384252271369,5.030336932665873e-7,679.7596186364678,447.5950559592178,0.12347433801718603,-0.051618908466898074,0.0016623022316776344,4328.176588325891,407.77830722416763,0.03600360616301925,-0.03032473469573178,-160.4448088061314
2.0507388991278345e-6,224.70076144804676,3503.7655434605604,-0.00918923054818535,-0.006016310751848682,2.9299848424295247e-6,365.25645569200117,3624.4022389273923,0.006654466245174102,0.0004714402339501393,3.803347255014663e-7,681.5067778683099,424.0217757488294,0.15362138345256116,-0.06473913197398073,0.0015479879130952134,4339.427943889243,378.4257514786115,0.03634183659475191,-0.031659899342404776,-159.28162539827966
2.0337900344925916e-6,224.70076311492642,3503.7656210855553,-0.007222108483852146,-0.0057415489907414,2.943480313782021e-6,365.2564542693206,3624.402260803771,0.008200504655161296,0.0005398855146192347,2.4541270270612693e-7,683.2584277543447,399.06079642996735,0.23529834752026738,-0.060261932640682,0.0014236409277681122,4341.6387655101125,367.78201533242475,0.03643213040781143,-0.03273849785416533,-159.49431261337946
2.029721600607777e-6,224.70076422929048,3503.765668891973,-0.005077148193231085,-0.005488586900369219,2.9579473534529477e-6,365.2564524451402,3624.402294216938,0.00985221144690305,0.0005684144505992113,1.282783370110849e-7,685.0145798367233,361.9120173329481,0.41679737091816654,-0.1446660720119759,0.0013088507322483762,4337.187463831792,371.7474270992917,0.03643175450801155,-0.03368111807174189,-160.36628636294859
2.0220673840990477e-6,224.70076538965722,3503.7656884329804,-0.0027137436194302734,-0.005513857278045603,2.97422701028848e-6,365.25645100395275,3624.4023285167796,0.011647150390599858,0.00033059775627852154,2.3976070655238346e-8,686.7752456872615,162.46271418058257,2.0141597648785208,-0.9786469067166335,0.0012053774185381162,4328.923499181113,388.36086954518817,0.03596843313397726,-0.0338670952141262,-161.59619229202457
2.0211064702949076e-6,224.70076642176122,3503.7656927777043,-7.943248905404702e-5,-0.006127919441250677,2.993959123470396e-6,365.25645041024245,3624.4023490935533,0.013687871877490694,-0.0004664082069555938,5.744748853010533e-10,688.5404369075196,-9916.438011732816,65.38529954408082,-46.88948940316133,0.0011197682577935547,4321.229384665902,413.6541105709375,0.034877865212323125,-0.0330856350974426,-163.35269683362566
2.032095013399107e-6,224.7007672184653,3503.765686807962,0.002798096147205127,-0.006976840483083862,3.015250029097631e-6,365.256448870737,3624.4023779322642,0.015960011384028285,-0.001458277053116205,3.261849635721594e-10,690.310165128877,-17452.56736202153,85.24080165248667,-80.98421709423314,0.0010438859764010252,4313.200396660338,441.7361348759008,0.033441660151553254,-0.03245405723684715,-165.67951321129524
2.0517255827301712e-6,224.70076782003886,3503.765676117012,0.005635947030610816,-0.007853784028680841,3.035539871892029e-6,365.2564463576811,3624.4024162342953,0.018220053810941498,-0.0024371843464634614,1.0208702330507761e-9,692.0844420126062,-4790.8468227702215,20.660383843515838,-23.209225985111534,0.0009778588483799707,4305.281745111037,467.5299297479631,0.031697755281086676,-0.03238240495068679,-168.08090715870546
2.0751950151750477e-6,224.70076824871552,3503.765664948703,0.00823701970602607,-0.008684910384157134,3.053559583306668e-6,365.2564431428737,3624.402462393865,0.02029868952499465,-0.0033365625484022285,4.117342208590533e-9,693.8632792499551,-826.3607554689661,3.832984271958593,-5.107968378359642,0.0009220795420875869,4297.814306987675,489.35025285428645,0.02961487800556729,-0.03284226867951623,-170.28489257954695
2.0981730832848165e-6,224.7007685306395,3503.765655390035,0.010415280359851219,-0.009436270137752575,3.06823231847008e-6,365.25643938430284,3624.402516080828,0.0220404587414213,-0.004122088615169947,1.4362036339041603e-8,695.6466885622204,-12.593460758809984,0.7356551275409975,-1.3375544357785232,0.0008768380426369266,4290.514356415996,508.0094693761178,0.027253381686330826,-0.033702150966420576,-172.18047112129713
2.125542842779557e-6,224.70076874268142,3503.76564581718,0.012714547452004146,-0.010059144774596119,3.0829474144608655e-6,365.2564356223268,3624.4025680440063,0.023883072520546184,-0.0047537502545695835,8.521805097998861e-8,697.4346817008241,217.9126112010012,0.05815504657403655,-0.20892169875942207,0.0008305545854791247,4282.615151558445,522.4961223631717,0.024145827738831938,-0.03635085827438553,-173.70163622637153
2.1487415362336415e-6,224.70076810974132,3503.7656524390586,0.008919356030111753,-0.010637730428387256,3.0573707705583165e-6,365.2564297426623,3624.4026557330776,0.020959665612889037,-0.005223560952210111,3.968124298725641e-9,699.2272704473941,1370.8350924557592,-1.0758403503899572,4.250384123328128,0.0008793990681635583,4269.695835879099,539.1391032851818,0.022906792746983852,-0.04143660488208672,-173.95605695458553
2.1353170633080704e-6,224.7007687142463,3503.7656330211894,0.005973678292217588,-0.00834000208465333,3.0407792581228068e-6,365.2564254021066,3624.40272089711,0.018628271582978865,-0.003178675404822806,6.720482172649183e-7,701.0244666138402,166.51106614399495,-0.01700834574357889,-0.015959053072809884,0.0009369937496724312,4270.260253538165,524.3066105451354,0.02665199413880594,-0.04096285230761169,-173.60328108249982
2.116364996229912e-6,224.70076860432442,3503.7656360378624,0.0029511966013195303,-0.008856305481247707,3.0208042386206438e-6,365.2564233170789,3624.402751213813,0.016211544055625377,-0.0034268405500055255,8.257285920040502e-7,702.8262820424301,144.7551533934252,-0.024457527820829033,-0.015371363174888603,0.000996932012630142,4270.368633852857,530.9381128503886,0.029430521036792667,-0.03979690462519252,-172.86901834862238
2.1039945133867565e-6,224.700768572655,3503.7656392996546,0.0017087916865094156,-0.009246724770026723,3.012127555895222e-6,365.25642333047364,3624.402743543081,0.015202494435773295,-0.0036659036106291283,8.787558718537906e-7,704.6327286058709,120.43253606613096,-0.02461410761158972,-0.015032033112641074,0.0010230208258183437,4270.915749331404,537.8182028323026,0.03135721328428511,-0.038075802774713875,-172.71148291144306
2.0970525559723275e-6,224.7007685927424,3503.7656411049675,0.0016965265982885965,-0.01031392555749359,3.0114459695354166e-6,365.2564238558543,3624.402721950759,0.015181932932853824,-0.004553098916214647,8.745331941112165e-7,706.4438182073858,94.10678800309684,-0.020674814811889868,-0.01685818675777636,0.001015263249771259,4269.716073764177,552.666642263715,0.03156247936307565,-0.03655199411180858,-173.16795660751123
2.144817651066177e-6,224.70076863820609,3503.7656406607557,0.005444228544684293,-0.010508153864429864,3.038935319632077e-6,365.2564095568134,3624.402927107887,0.01824245538957422,-0.0050174515430796585,6.051512088848539e-7,708.2595627807905,609.4232527602701,-0.027427888651821088,-0.007106386965362212,0.0009514587376417925,4285.502729230381,524.1872572633185,0.02779300124626623,-0.036540591149368605,-173.3884679112454
2.147269159611037e-6,224.70076849215795,3503.7656442501734,0.005607949336167087,-0.011062021561478362,3.041705846572687e-6,365.25640247386974,3624.4030075972364,0.018372704968952207,-0.005502473714471162,7.231766316988485e-7,710.0799742905755,585.4162442539069,-0.01773215518486308,-0.009860619858087593,0.0009480830390874228,4285.851424963153,528.43359886789,0.028819612885429606,-0.036171733286945895,-173.80618404044654
2.14837644490351e-6,224.7007683866954,3503.7656465289915,0.006152097747179238,-0.01165897616422906,3.046754292337928e-6,365.2563883178753,3624.403178757552,0.018784799575400288,-0.006025651999660392,8.264665850284832e-7,711.9050647319832,562.4722811094368,-0.009554477020214532,-0.011783369556281405,0.0009377579530856047,4285.478106075767,533.40351566642,0.029282608114515458,-0.036156472530880314,-174.33484648904482
2.3102644458079994e-6,224.7007682750885,3503.7656477939013,0.023653383167808593,-0.014618219300684627,3.1434591000932396e-6,365.25636973329506,3624.403357656951,0.032211645905885114,-0.008891288692775908,6.784208266913845e-7,713.7348461310852,653.5948489016147,0.05528365756178071,-0.01708818334261519,0.0006813296803412724,4270.792241676158,543.4448529051442,-0.0039631116682050105,-0.052000190775958875,-174.81745961318464
2.221195694143512e-6,224.70076890341966,3503.7656307160782,0.01812504130125491,-0.019563952119248218,3.1216072948812614e-6,365.2564193914939,3624.402598905746,0.027965607082066135,-0.012706482716005793,1.3552755018530921e-6,715.5693305448647,97.3223919335006,0.034936146880816754,-0.03387671990293065,0.0007368420288290091,4263.774362403367,597.0909243320631,0.005778715178482283,-0.04358863487981609,-174.7853434395042
2.207427587484228e-6,224.7007689734812,3503.765630418807,0.015635473525428642,-0.01772091890565885,3.105401164564305e-6,365.25638941181427,3624.4029295240744,0.026038600306992506,-0.011205267676717676,1.3935391203891882e-6,717.4085300612949,791.328704951752,0.03427147383563923,-0.03060850730358714,0.0007747055887348099,4267.3700020117285,585.0742608551477,0.012712523850217807,-0.042320562424371315,-174.90064640069275
2.199951559590566e-6,224.7007689776222,3503.76563123418,0.014129958002640325,-0.015434578709963431,3.0942830987499923e-6,365.2563248001795,3624.4036851792357,0.024846558451121572,-0.009343493584588747,1.3528187754167595e-6,719.252456799416,770.54104309884,0.034615106875285316,-0.027260055121027242,0.0008009799528474698,4269.28504618293,570.5370948833609,0.017457965399222303,-0.04211207356436456,-175.1178344826472
2.1986348120635894e-6,224.700768949799,3503.7656321568124,0.013536877239881725,-0.013595448377085973,3.0889574862768e-6,365.25620939830543,3624.4049538473005,0.024336933576445837,-0.007854058999890445,1.3346365961544006e-6,721.1011229094196,752.7270910871948,0.03579601533195352,-0.02510181464193638,0.0008124432429705082,4269.614011256101,559.4079921028573,0.01972875318557629,-0.042540793619403855,-175.31459935342244
2.203160315548276e-6,224.70076889116189,3503.7656329671845,0.013747443345684217,-0.012425654950351958,3.089666539466246e-6,365.2559765350655,3624.4073918493536,0.024435518598015616,-0.0069239686080286725,1.418784160187046e-6,722.9545405727262,739.2855748463019,0.0372699269660524,-0.024038978599537773,0.000809363654308224,4268.39890882021,553.7140273255478,0.019790048136124925,-0.04339973377614554,-175.40689113178811
2.2109615815650264e-6,224.70076879172495,3503.7656340230265,0.014465403563815172,-0.011752831939712204,3.0949266131998596e-6,365.2554525923932,3624.413018457635,0.024931081321351984,-0.006396908070171656,1.625065904848797e-6,724.8127220020635,727.8026856294609,0.03885923201487919,-0.02351753346806622,0.000797079260432081,4265.948678669323,552.5856568776364,0.01844126265790704,-0.04441769972107616,-175.35492478255063
2.2253772980818966e-6,224.70076856876324,3503.7656396067264,0.014331367308899244,-0.009218481739076037,3.096085612770224e-6,365.254065994665,3624.438522275783,0.0249057106594172,-0.004389390898684981,1.6527012952456427e-6,726.6756794415526,432.55364845119834,0.04156399865194736,0.006205513541197306,0.000803046788136752,4268.9153564574135,530.0634044709293,0.020332065586973088,-0.045110857837014504,-175.07931495189496
2.2285997108444433e-6,224.7007682906625,3503.765645522603,0.015155068606353921,-0.009940650495003502,3.1042132743941845e-6,365.24693419719387,3624.5393127721404,0.025476729940039692,-0.004984069292337871,2.0830043939637545e-6,728.5434251667813,409.25846432053555,0.036490924941716345,0.014877901033545627,0.0007889627172822836,4266.897250964205,538.0703521977133,0.018034634419672135,-0.045455225281090396,-174.72528993380132
3.059592958494079e-6,224.70077025996528,3503.765572182804,0.07326672064955715,-0.05019850866878688,3.4233581589581655e-6,365.2485702346092,3622.081517714784,0.0697232084860963,-0.03894041551397036,1.337143595361431e-8,730.4159714848919,727.9171992819604,0.0012434193289625932,0.010878438112340667,0.0005164316074942215,4216.770817180858,3040.7203879254193,0.33336277984720264,-0.025680443757472107,-194.26482120665756
2.2096493727952097e-6,224.70076842765243,3503.765641101128,0.013255324408269478,-0.01025056597099273,3.069223863371113e-6,365.2457405677119,3624.566300506398,0.023990034585500454,-0.00485267625927977,7.490636824292437e-7,732.2933307346589,-69.63466580165701,0.1774445745732729,0.04602991729637615,0.0008166136855407227,4259.976283911379,556.2441791084701,0.021211859334419807,-0.04310420762855661,-175.0544403940626
2.217828316796202e-6,224.70076829199206,3503.765647120717,0.013774553614316759,-0.01137429468077036,3.0779083021488635e-6,365.2536309984613,3624.4483777867326,0.02452246472645021,-0.005927348200749057,6.793189752794024e-7,734.1755152865683,629.7899189383679,0.13974136924974395,0.022564767841253726,0.0008045094998481068,4264.31132484002,555.0744632170025,0.019150023895487617,-0.04287247926587098,-175.1956864939008
2.2172291178460883e-6,224.70076824603356,3503.7656491966404,0.014104196527020572,-0.012174131572646171,3.0822064452568897e-6,365.25532197650466,3624.4212502214714,0.024843469038317818,-0.006662218861496624,5.384924025083716e-7,736.062537542904,593.250381398293,0.12418205085354413,0.019250098971849733,0.0007937572172986353,4264.650752405297,558.5402977053056,0.017375839588220518,-0.04299769342616184,-175.4505311139471
2.213864098482415e-6,224.7007682888137,3503.765647862812,0.014079352323062335,-0.011133528046123513,3.0840524898662027e-6,365.2560187542184,3624.4066127616593,0.024749072851958744,-0.0058151772120040406,5.441342382176841e-7,737.954409937827,322.39808126465095,0.10153491319804644,-0.03897438413386734,0.0008020249404342748,4264.916365090617,551.8702756479494,0.018547632873644537,-0.0437241392336804,-175.36395136204774
2.208245916781194e-6,224.7007682974874,3503.7656483896953,0.013730834808780767,-0.01146357939076921,3.083644447563374e-6,365.25626206143045,3624.403737311756,0.024473465818718895,-0.006032250750366021,6.604799327034306e-7,739.8511449374548,301.8205975035499,0.10140470642993726,-0.023656937207797664,0.0008108898615409419,4267.7019093676845,550.0548011151267,0.019205390031475804,-0.04303166067835503,-175.16380710814883
2.1949398387572697e-6,224.7007683545891,3503.7656478864315,0.012694800533714825,-0.011765170356084854,3.0791261435233465e-6,365.2564032394172,3624.402152923331,0.023667616529147183,-0.006197169797709667,7.866392934613492e-7,741.7527550399485,282.48760083270076,0.09955898102678219,-0.014496274954307987,0.000829177895669396,4269.8930483012255,550.3110535208515,0.020582720581117073,-0.041826104921175764,-174.88661416006966
2.1944276749612506e-6,224.7007684247934,3503.765640945412,0.012403171110829624,-0.014940498267248017,3.0740762001562365e-6,365.2565836487791,3624.3998403332175,0.023545262059798358,-0.008799174176805142,1.3255843248574453e-6,743.6592527755928,456.3719738135384,0.0903099502085158,-0.03666397511136649,0.0008355243616287472,4273.4615137658375,569.6728547804706,0.017289504763686774,-0.03898463012510617,-173.678293815831
2.1884038795795004e-6,224.7007685655737,3503.765636901529,0.011218279980980038,-0.015895066083871073,3.0683810179466455e-6,365.25664635690424,3624.3991151828513,0.022675978480979634,-0.009440721004541179,1.597893342652922e-6,745.5706507068761,436.3467987015374,0.09195389384745271,-0.041648687296606264,0.000859473863369117,4275.161846872369,578.1378100338127,0.016378469212139955,-0.036393777809343435,-171.95883217778436
2.184855801698765e-6,224.70076874112272,3503.765632720647,0.010090017297939123,-0.015943793983284153,3.063339991790614e-6,365.2566335631863,3624.3994505366427,0.021867649702025635,-0.009347282827078574,1.7040947830219224e-6,747.4869614285778,415.03052504086213,0.09421411072588906,-0.04141479102837943,0.0008832899908954258,4276.100801953453,581.4495041820704,0.015376929778424664,-0.03427272752731864,-170.18646897618035
2.1816287676073326e-6,224.7007688684939,3503.7656302278306,0.00900305149173505,-0.014870549425875955,3.0578961616749505e-6,365.2565775501006,3624.4003605356015,0.02106674473602826,-0.008374585078443127,1.6393739600969314e-6,749.4081975678497,392.29035019956433,0.09687328503927949,-0.03635620086798862,0.0009093928630257001,4277.3421880009755,575.1157765685622,0.015589356695973519,-0.03329562872612758,-168.86576892969123
2.175006362631445e-6,224.7007689234725,3503.765629549628,0.007780169835121123,-0.013318852296014023,3.0506659315172937e-6,365.2565208384033,3624.40124353826,0.020115665471835003,-0.007039339578582547,1.5135864129538915e-6,751.3343717842959,368.58098825385156,0.09899361164831494,-0.028844478918105643,0.0009390234300812152,4278.913269946746,563.2965120717677,0.016997078863571442,-0.03322691803260119,-168.06444963835767
2.165299307559029e-6,224.70076892163283,3503.7656299645582,0.006536986711553845,-0.011980052441955547,3.042604813408972e-6,365.25647967869605,3624.4018794646813,0.0191096023274415,-0.005894844844232654,1.4060244845789267e-6,753.2654967700611,344.23873821811367,0.10045433846689623,-0.02127555151910861,0.0009677007475907236,4280.381832930988,551.5685134979326,0.018484352668447293,-0.03369804746826454,-167.59963831327912
2.1538947242043303e-6,224.70076888100988,3503.76563088517,0.005471628912123369,-0.01113596987588019,3.035254764807815e-6,365.2564533017914,3624.402288623164,0.018215094144569434,-0.00517167039434962,1.3419029676371842e-6,755.2015852499128,319.4088653158528,0.10161522608838235,-0.014912430895777701,0.0009903663170870425,4281.287043585981,542.7450927388786,0.019243030923838587,-0.034638329269941835,-167.35713157920677
2.1415574479355566e-6,224.7007688167377,3503.7656319064813,0.004741155258455776,-0.010811745890100498,3.0298695747260105e-6,365.2564374385976,3624.4025374342923,0.017567795311784765,-0.004898761603960244,1.318314097407927e-6,757.1426499813216,294.1633172278506,0.10290694464600228,-0.010245562450623831,0.0010024518679931697,4280.971645668309,538.0433774377037,0.018953433459510637,-0.036175477178666135,-167.38173079610135
2.128854701927706e-6,224.70076875067124,3503.7656326348038,0.004506146920998969,-0.010917364738110525,3.0278655905979627e-6,365.2564288299918,3624.4026745614324,0.01731518282428188,-0.005019127123009659,1.3085155861678464e-6,759.0887037545506,268.7258161040465,0.10482554011833971,-0.007280293091040452,0.0009981151483155369,4278.20253482956,538.9599162325964,0.01759772271764022,-0.038368215710462276,-167.90228263422966
2.117003625743786e-6,224.70076871455944,3503.7656329406263,0.004934029274239236,-0.011228182984103907,3.0310499367630896e-6,365.25642561239124,3624.402725763517,0.017630094015855066,-0.0053739135773647456,1.2394098332800574e-6,761.0397593927373,243.8622893811941,0.10780784238369369,-0.005141766478785724,0.0009720399965122814,4271.775323183145,547.318388134106,0.01573074385911246,-0.04054054460275638,-169.2826669689668
2.10953357011548e-6,224.70076869773723,3503.7656343540484,0.006083553881158606,-0.011345816135600904,3.0402723779269065e-6,365.2564262383283,3624.4027124930685,0.018598100747681545,-0.005644609904935483,9.958704510144209e-7,762.9958297519755,221.16214045645185,0.11146413667126612,-0.0007612977254298953,0.0009311041009778929,4265.263841644224,557.9608155479478,0.015281702648820436,-0.04056694566228234,-171.51703392706233
2.192259107729699e-6,224.70076834757845,3503.7656454095545,0.016846867361177822,-0.011572191521276493,3.105160903261352e-6,365.25643284757257,3624.402609972481,0.027144139337922306,-0.006139142104283629,3.501478000026979e-7,764.956927721405,-55.91360315358814,0.19303277635517568,-0.027213867867634797,0.0007617217352969901,4270.140745061928,524.8433480047664,0.020271204315093484,-0.051293968859865625,-173.4783441610339
2.1354512201620114e-6,224.70076842637312,3503.7656491116313,0.017526499275737177,-0.009410790461223156,3.111748991743587e-6,365.25643914257336,3624.402518638102,0.02758702799257098,-0.004268848508240836,5.443455523536558e-7,766.923066223294,666.9402890057656,0.18111548064071492,-0.004902934527911551,0.0007582181996367882,4275.478133614141,520.0478011174372,0.02541942407537611,-0.04363342317307818,-172.2813133108125
2.068598074914197e-6,224.70076854834963,3503.765647912629,0.013495474676067522,-0.008240946985932224,3.0853756951152267e-6,365.2564426974572,3624.402470412992,0.02429221730581813,-0.003052770739902246,6.549997420885392e-7,768.8942582131218,638.8107889550345,0.17206743644927094,0.0012975624588036079,0.0008160920465245252,4279.4672575604345,516.810082556617,0.029902622431202664,-0.03763091518670655,-170.7047402853786
2.0178961052993884e-6,224.70076863422958,3503.765645932539,0.008964475293705362,-0.007703967241396367,3.0546392037259127e-6,365.2564445660053,3624.402447138063,0.02061574318208104,-0.0023395428494037735,6.823034108592392e-7,770.8705166796693,612.3618406912631,0.16815065542992128,0.0069183869026684065,0.0008920081796739592,4285.507774434176,506.32923903330146,0.0330139539571889,-0.033654840451215175,-169.29983935034733
1.9868052012960527e-6,224.70076866557474,3503.7656443957403,0.005342400910474306,-0.007603137343806332,3.029056192742718e-6,365.2564459861786,3624.4024280105573,0.01767232063311148,-0.0020215289406684115,6.857520817631128e-7,772.8518546451018,586.428731878515,0.168607825279871,0.012385977582776677,0.0009638888845051726,4292.62395617765,491.165451240312,0.03474627834791837,-0.0315581891714818,-168.08913851844343
1.97346194868982e-6,224.70076865116886,3503.7656433234692,0.0025895223715996733,-0.007685621547545154,3.0088025791010434e-6,365.25644747258485,3624.402403223064,0.015450053251308531,-0.0019040405654806877,6.79871731893464e-7,774.8382851650523,561.3315540577107,0.1732913739313702,0.017469224240500732,0.0010278297106305599,4299.843440015932,474.1803576517702,0.03554564397215626,-0.030788754969954205,-167.06417245612965
2.0248879761507883e-6,224.70076863551031,3503.7656427371458,0.002895895764956833,-0.006635744904140884,3.015040651738713e-6,365.2564488940783,3624.402384739683,0.015943756638897848,-0.0008925308083164972,1.2234349330121293e-6,776.8298213287138,-39.227532809923005,0.10195562586800422,-0.01089878315625506,0.0010262220897235557,4310.739020596383,444.2836376034756,0.03160399424323038,-0.03244492747546505,-166.2668497709157
2.0118861060197163e-6,224.70076856663334,3503.765642656114,0.0010013065439895144,-0.006390515766060618,3.0020433864321095e-6,365.2564501272457,3624.402356265829,0.014458872420574264,-0.000592459709151811,1.3552702304583327e-6,778.8264762589188,715.8999134853171,0.09709985757201091,-0.008791406435475074,0.0010815124356865202,4317.9313933858075,427.63749548599384,0.03135389820753003,-0.03220820095431237,-165.1911284419576
2.008552303991223e-6,224.70076849894886,3503.765641888943,-0.0007503208911386533,-0.006359426450019801,2.990772113515843e-6,365.25645140775987,3624.4023254693043,0.013142142323654382,-0.0005213614617046615,1.4620478231649108e-6,780.8282631122306,695.5618967384991,0.09090371517582359,-0.006264015458060567,0.0011426891511285885,4323.237329364463,418.8050913819851,0.031093454469757066,-0.03174828695539292,-164.57981633317385
2.011938620106592e-6,224.7007684584579,3503.765640183856,-0.0024053733981789045,-0.006504304321869431,2.9805112488161504e-6,365.2564527598616,3624.402297257003,0.011928540723766866,-0.0006276357267225261,1.5551607464701804e-6,782.8351950790291,675.944541826839,0.08387231445445724,-0.00380510726523694,0.0012092889108250079,4325.413210489929,419.2764388922772,0.030969973999468072,-0.030929227423069302,-164.37296468473411
2.017102739509904e-6,224.70076847966732,3503.7656370728328,-0.003971616665122003,-0.006752272582301013,2.970932325190924e-6,365.2564541438856,3624.4022741544754,0.0107811863231851,-0.0008359285458559482,1.635701353431023e-6,784.847285383594,656.3306603012164,0.07630900774694953,-0.001885988179555199,0.001276115050553272,4322.86683259306,430.51501241433175,0.03088500155051202,-0.029868159483591485,-164.54810025325955
2.1419596591773012e-6,224.70076883227975,3503.7656240474007,-0.008179365003783587,-0.006163806231219854,2.9365278214210548e-6,365.2564557118683,3624.4022472387483,0.007565278165565486,-0.00018355204487083225,7.733490042287976e-8,786.8645472841976,552.9695841233191,1.4173943396628035,0.5822952683923183,0.0014206713712279467,4310.022478043395,447.267148680301,0.03594248106256306,-0.03085149510980077,-164.99778472632283
2.060237433367637e-6,224.70076970285518,3503.7656089094835,-0.009335432604900903,-0.005582660669419432,2.941111045166926e-6,365.2564588212343,3624.4022236553224,0.00659716542524326,-0.00022839932688315458,3.1924865111573687e-7,788.8869940731889,190.5826622430185,-0.2075406916535641,-0.07393478306002285,0.001306325259663392,4251.35211366807,562.802338280673,0.031549785529436304,-0.028613515579835918,-164.8002103969821
2.0621934543953053e-6,224.70077009990095,3503.765599397088,-0.011555994963545263,-0.005259699859343506,2.9260731075327797e-6,365.25645772478595,3624.4022438778825,0.004770060122123405,4.835312477023544e-5,1.6582331136348937e-7,790.91463907708,142.69430074182424,-0.5855599093625714,-0.1733321433835882,0.0013129237631476106,4231.582307005277,595.7629721518651,0.02946345862722128,-0.028651382262060352,-164.48199467449564
2.0932321871547327e-6,224.7007705556156,3503.7655874611023,-0.013769286371464675,-0.004658511385036561,2.9102847282891643e-6,365.2564556916355,3624.4022728991345,0.0029356311388611207,0.0005280188149287364,9.287114690032238e-9,792.9474956566373,641.4075383474026,-13.97501054012428,1.807300480749591,0.0012950816468195704,4210.469243841016,633.3819186230764,0.026004503183042753,-0.030200600757938748,-165.02566152293505
2.1252343899073863e-6,224.70077098542006,3503.7655758803403,-0.015548528487908138,-0.004184792909701789,2.898172340333011e-6,365.25645327083754,3624.402306491896,0.001479837003897117,0.0009214982019545652,2.3809300487460248e-9,794.9855772069684,5984.559748057467,-56.596192365858755,22.951348181729774,0.0012800114599889102,4192.930890150313,667.1490619922241,0.02229491190866386,-0.03169198188380077,-166.9204304341985
2.1459606825451633e-6,224.70077134882766,3503.7655670893832,-0.015853571311901217,-0.0038006499418152535,2.897213018982294e-6,365.25645095230743,3624.4023385090777,0.0011865268680039853,0.0010791127307365526,2.90385526649121e-9,797.0288971576072,6785.032389656957,-43.83589776241015,26.10557030728607,0.0012150337618306469,4172.475059522414,706.3925545364792,0.017757888245054285,-0.033864656077147844,-170.42387711405877
2.118552043335797e-6,224.7007712318674,3503.765570706178,-0.01146665439277092,-0.003745842227069087,2.9256364839867937e-6,365.25644778054607,3624.4023822247086,0.004469328616531598,0.0006024546021051504,6.919030976798703e-7,799.0774689726071,241.24879614602193,0.13687292089633085,0.16033729209558722,0.0010243072680357751,4158.408405446833,743.4049533477859,0.010328087395835439,-0.03884422639464612,-174.88783400332574
2.085672644921833e-6,224.70077029636005,3503.7655967033656,-0.0005629609908869679,-0.005635395317708575,2.9937239755903503e-6,365.2564443321224,3624.402431019645,0.012964578888136697,-0.00123273110486529,5.494546547602258e-7,801.1313061506282,201.4830710770472,0.17855664673746294,0.06558128418480892,0.0008318892486208389,4179.176158868266,693.5241581738426,0.008649175915449557,-0.045186040525309584,-178.25915120402897
2.088268197997308e-6,224.70076848171988,3503.765643423511,0.020669389391310817,-0.016450162650612485,3.1302541075176006e-6,365.25644246448564,3624.402461878637,0.029622114152893356,-0.009885633971886283,6.30976630370365e-7,803.1904222250229,363.3758718910919,0.14664644283309672,0.05428857853381004,0.0006174071255428614,4230.757135831352,619.5893766529925,0.0049277096877580005,-0.0567928450962989,-178.73358749537934
2.143672654884887e-6,224.70076816952965,3503.7656534307985,0.026961638989764697,-0.014982159821316496,3.170667704607884e-6,365.2564442528401,3624.4024411739006,0.03472754108060628,-0.008780598432176743,5.792075997728111e-7,805.2548307639303,343.3385338231674,0.11731461781098565,0.11369111650613445,0.0005887511005244148,4253.759493027734,568.6512344396084,0.013019611884113106,-0.05777005729423638,-177.65584194746177
2.1813971682908778e-6,224.70076813546981,3503.7656548201558,0.02699904289734343,-0.013657773686439523,3.1706271664964204e-6,365.2564458332058,3624.402422593455,0.03493044369674724,-0.007653788275102172,5.333296160605217e-7,807.3245453703632,312.42039695386734,0.06863840129124403,0.12955807105036898,0.0006052621300106484,4259.200560839747,556.7668050534656,0.018437659401291752,-0.05560877508485105,-176.44651477975134
2.2025267262713714e-6,224.7007682260147,3503.7656526672718,0.024332071878112628,-0.012458752607452012,3.152540174045674e-6,365.25644660653086,3624.4024142766743,0.032979580509648304,-0.006529543796805725,5.381427456134842e-7,809.3995796822953,265.9769132870741,0.02924453563292341,0.10049979997766753,0.000639005931158851,4254.690177244479,565.539573021363,0.02214358989022279,-0.051814590304828524,-175.35106290032033
2.192356798735664e-6,224.70076834760553,3503.7656501590363,0.02044351686562396,-0.011036134385893334,3.126606690060856e-6,365.2564465337842,3624.402418686,0.02997348481060919,-0.005176683578989236,5.836596487306918e-7,811.4799473727558,229.23983575292996,0.026019265295987436,0.08094325630557564,0.0006829446537331338,4251.623891035969,573.015314578961,0.025419520094485733,-0.04713543118935981,-174.38389549916866
2.1667381556781875e-6,224.70076843407614,3503.7656486563037,0.016584540585001688,-0.009874246474665888,3.101227600783849e-6,365.2564458600901,3624.4024327437724,0.026929162686433597,-0.004044367494999486,6.247864712924676e-7,813.565662149917,1025.2876974588546,0.03864909638526355,0.09262445396511837,0.0007303358679589414,4253.803529678449,571.7411164324185,0.028127903834774728,-0.04292436650761448,-173.5360643802937
2.1445798262535983e-6,224.70076851411352,3503.765647095911,0.013311126083153279,-0.008900065111271279,3.0795576042430117e-6,365.2564450210935,3624.4024495201625,0.02434551319177721,-0.003075840954310618,6.681131627180105e-7,815.6567377571827,1016.5223070898236,0.05910791713799729,0.11169016871692855,0.0007749977797672861,4257.236431248193,567.1839516063546,0.03020568054558865,-0.03977417521885302,-172.75318843640324
2.1311374077614696e-6,224.7007686229292,3503.765644434556,0.010658541180285466,-0.008047714264548131,3.061248194343533e-6,365.25644425046966,3624.402464357264,0.022266549513760853,-0.002196791658350481,7.195247204721324e-7,817.7531879732828,1006.4350080407852,0.08179046915696526,0.12502108891431854,0.0008114396838207461,4257.481318452759,565.5790622097464,0.031414189789669096,-0.03791214028741722,-172.0216305940959
2.1229266152565664e-6,224.70076877526762,3503.765640346437,0.008364540378989729,-0.007242434263128643,3.044363675194552e-6,365.256443596309,3624.402475485088,0.020474055236155784,-0.0013333579371302446,7.603183062108374e-7,819.8550266123628,992.1433701109123,0.09738351082661933,0.13265469609184133,0.0008390926203515225,4252.726814725299,569.1126244273462,0.031944322226125504,-0.037242795910370344,-171.4360650094877
2.1134840052206035e-6,224.70076895213577,3503.765635494931,0.0062312997202403535,-0.006493685785516242,3.0280720616665913e-6,365.25644297714786,3624.402483930225,0.01879336865392326,-0.0005127080283008796,7.672448827994438e-7,821.962267524071,152.13394202788984,0.10179315417835857,0.13969356285670778,0.0008613759830239598,4244.714806789236,575.4511072633163,0.032224053832517634,-0.03739021965877,-171.16236724166134
2.098474476880361e-6,224.70076911206303,3503.765631082702,0.004322665348257994,-0.005894495974561161,3.013615856848279e-6,365.25644225355796,3624.4024924808873,0.017262682891436853,0.00014424876129109189,7.374725581833337e-7,824.0749245936564,952.3311888996863,0.09448786016086821,0.14748372743438468,0.0008810441694158536,4237.103722443752,580.206255564012,0.03245043569778525,-0.03789430483711011,-171.30646714156208
2.076943797460377e-6,224.7007692173281,3503.76562812181,0.0027804308425850143,-0.005443697817423379,3.002543650536149e-6,365.25644127820283,3624.4025044689747,0.01599234201028489,0.0005980954225123888,6.941830118307623e-7,826.1930117420537,925.0850496293973,0.0759130761193385,0.1513911924395577,0.000900337544774599,4233.508922964144,578.1225106371243,0.03276776830060111,-0.038417892982092576,-171.8342151706582
2.0507329919242485e-6,224.70076924896776,3503.7656271427695,0.0016078863436979225,-0.005037611698326163,2.99493547985086e-6,365.2564399333683,3624.4025225510773,0.014981302248306426,0.0009239965723017838,6.704112470256169e-7,828.3165429259802,889.7673771696582,0.050539467085144237,0.14265474058580585,0.000923877462244077,4235.982540951188,564.9696748690769,0.03364405579289418,-0.03875815403560255,-172.61735282830972
2.024773893890818e-6,224.70076920278177,3503.765628347819,0.0007901578122702666,-0.004755679717604828,2.990253803073685e-6,365.25643824933763,3624.4025463397393,0.014204750579438876,0.0010835955540851303,6.87682809538384e-7,830.4455321380258,845.7027739760674,0.028973612545034614,0.11600909683620086,0.0009544327752061659,4243.845440074325,543.2290048408682,0.03525681390562787,-0.038675499469333026,-173.51648350177288
2.005395238892563e-6,224.70076909418023,3503.76563133772,0.0004986281157152061,-0.004888827636234869,2.989255170145362e-6,365.25643659128247,3624.4025696003773,0.013810413462219374,0.0008780086033393983,7.776815863379558e-7,832.5799934067421,798.084261774692,0.030007243454138553,0.07759785827677153,0.0009830007318445443,4253.477324347677,524.3590058105133,0.03653845731045948,-0.03804858765806111,-174.38834641249895
1.995122527383321e-6,224.70076899063235,3503.7656341437214,0.0006525775285289516,-0.005239660942586159,2.992465576713603e-6,365.2564354513788,3624.402583857403,0.013844638098812532,0.0004640959918284532,9.464185780026453e-7,834.7199407967407,764.2010882283976,0.058305708793272744,0.05579881544011388,0.0010000406060771824,4260.770957260179,515.1396330565657,0.036894091195988216,-0.03730723443531475,-175.0870477000049
1.9952282356728643e-6,224.70076893636337,3503.7656356112047,0.0009834568767551146,-0.005616124823735345,2.9984537996034783e-6,365.256435047029,3624.402585483524,0.014123156125223519,-4.2389083599619394e-6,1.1253368410915013e-6,836.8653884087829,-97.15623913400319,0.08840762858929008,0.04584217136755442,0.0010055060463861599,4263.355286252549,516.4883188221586,0.0366677280199237,-0.03675348402587771,-175.51626875660162
2.0088526115764462e-6,224.7007689688691,3503.7656346692943,0.0014527443859861104,-0.006062102170769905,3.006198495881485e-6,365.25643571767944,3624.4025692174246,0.014601629847552219,-0.0005554511157683137,1.2353880031328157e-6,839.0163503798697,718.7868684827938,0.1137000006081194,0.03931469711262962,0.0009931920104013514,4257.289142182097,533.7558252928382,0.035503833027874715,-0.03681967290370691,-175.6869591339995
2.0331701049879634e-6,224.70076908805453,3503.7656313711022,0.0019987746434074814,-0.0066388967288058065,3.014282978210244e-6,365.25643748690385,3624.4025359278166,0.01518843250937665,-0.0012328623717299423,1.2373407472923425e-6,841.1728408833407,699.500520509743,0.13663148995357777,0.033558732943597507,0.0009653427348784279,4242.31517053883,567.2733454790665,0.033491735097392686,-0.037495540113472066,-175.70217073182582
2.060318977918014e-6,224.70076925624605,3503.765626946583,0.0024832505383254847,-0.0073685056057794475,3.0210731418023694e-6,365.25643999447226,3624.4024928392546,0.01571645764232179,-0.0020410051954792034,1.1531633069031022e-6,843.3348741289647,680.8806247193913,0.16116188103236573,0.027196180150016257,0.0009327355744770299,4222.155745390616,611.6206124532862,0.03129400247637697,-0.038266804302589726,-175.6249765200911
2.083679738854893e-6,224.70076943764315,3503.7656225436003,0.0027471369822347777,-0.008214601444882449,3.0252675918873178e-6,365.2564428124403,3624.402447281205,0.0160231417500988,-0.0029350869010904574,1.0269114471007169e-6,845.5024643630305,662.2891485492254,0.19126793105092932,0.018703872940567214,0.0009045143746701783,4200.406649313308,661.3622234031221,0.029570504930293205,-0.038617077325012884,-175.43085536888947
2.099817595849803e-6,224.7007696128831,3503.7656187781135,0.0026204097871119028,-0.009112529307621313,3.0258628441518235e-6,365.25644559787855,3624.402404339449,0.015967994975101055,-0.0038500433162639543,8.999917268935983e-7,847.6756258684466,643.3179095014355,0.23036060341940578,0.004642788007530656,0.0008859634079655662,4178.861456296712,713.5667312067634,0.02879790620663242,-0.0382210756467738,-175.05046423738946
2.107090283998725e-6,224.7007697621661,3503.7656162421144,0.0019623988132649287,-0.010104081873119718,3.0221747743072483e-6,365.25644805403164,3624.402367930759,0.015449778984336394,-0.004810400553203159,8.242276341239181e-7,849.8543729648318,623.6928749419338,0.2753318210713456,-0.023441538728394773,0.0008803108187015813,4158.533232970762,767.5952345873687,0.029225708926484316,-0.03673675099537576,-174.413608030106
2.1033003820610793e-6,224.7007698733388,3503.7656156450194,0.0005082142097238599,-0.01154450682278721,3.0121674478962777e-6,365.25645025905226,3624.4023359290186,0.014228476599701825,-0.006100444034337557,8.465224064977009e-7,852.0387200086078,601.8541075201634,0.3083457960609374,-0.06987434482631177,0.000891272528541631,4138.229487099946,832.1548723180879,0.031083625384177565,-0.03332789261303842,-173.47931002458213
2.0887688097363453e-6,224.70076997687823,3503.7656164629493,-0.0020182615752234187,-0.012574462356393654,2.9929854370769135e-6,365.2564523391069,3624.4023058318435,0.0120312580690826,-0.007009860734818823,8.678068782890608e-7,854.2286813930984,575.1139367718773,0.3335878661199134,-0.11337508657957075,0.000931771108357459,4116.948320611624,903.1922884217222,0.03597042673818418,-0.0286021790544242,-172.39755557483107
2.076260913162048e-6,224.7007700611649,3503.7656172350135,-0.004194507142661852,-0.012044219384196515,2.973774282386806e-6,365.25645319850616,3624.402294646835,0.010065132799800248,-0.0066192233407898725,7.879120442314536e-7,856.4242715486222,543.4072369880842,0.3760629293398764,-0.14459946788547284,0.0009863041688224568,4104.005319664955,940.2356853155254,0.04177143544278878,-0.0257774639708113,-171.52333048692853
2.066789841627023e-6,224.70077013112703,3503.7656164804957,-0.005364928507781001,-0.010104665367187208,2.960915353752446e-6,365.256452308388,3624.4023110402786,0.008968656891703217,-0.005095503555431467,6.62354129994772e-7,858.6255049425846,510.4015497289456,0.4467620558035278,-0.14617720839617548,0.0010354115931819467,4104.381625298562,924.8799639341577,0.04635998534483371,-0.025976550933799997,-171.03160179581187
2.0493395878750843e-6,224.70077016017154,3503.7656158065097,-0.006350877916189455,-0.007712015301201934,2.9503932795236235e-6,365.25645004287117,3624.402349194883,0.008071237632107223,-0.0032478251545885383,6.410471675629259e-7,860.832396079579,485.97798800675804,0.48420949084221027,-0.10359679259434167,0.0010929107512318084,4115.1738296416415,877.7756009385605,0.05082872150063741,-0.027016151108290424,-170.95193931589986
2.030847349084024e-6,224.70077011648263,3503.765616689288,-0.00706469885341544,-0.006253254259351643,2.9418079098261783e-6,365.2564471290521,3624.4023971883407,0.007382892314719819,-0.0021670877541073138,6.30772758733817e-7,863.044959501479,460.2065392496632,0.49897696213755693,-0.09647043125945239,0.001138912530656016,4132.770498614592,826.1866343781642,0.05336021897687781,-0.02741155266238334,-171.50906721307413
2.048197843577343e-6,224.70076995199764,3503.765617763639,-0.0031701182126575205,-0.010192585628996722,2.9588460276104843e-6,365.25644596743507,3624.4024230956975,0.010247807521583432,-0.00507270575949365,2.068110324537927e-6,865.2632097875322,194.5216542920028,0.10867623897035276,-0.04621972010755566,0.0009358190474633884,4144.1749419901225,835.7720484475104,0.03441941194708822,-0.028960258712592203,-172.5319234599056
2.1444578809489412e-6,224.70077108177142,3503.765582963486,0.011080566234963,-0.021490092991533205,3.0609257436876058e-6,365.25645029537753,3624.4023770486388,0.02180868208634736,-0.01397910466113496,1.665149536095898e-6,867.4871615544612,216.80112150336825,0.046036964184671056,0.005949375166941006,0.0004332354150478667,4071.824858254955,956.8370140287878,-0.0774997514380508,-0.05647874946870303,-172.9650047277706
2.1660828583395626e-6,224.70077170119984,3503.7655640538765,0.01924799173885115,-0.03042570495537223,3.124993091016083e-6,365.25645245296187,3624.402348006333,0.028785589911203863,-0.02045992965425733,1.8265678523964951e-6,869.7168294565575,1101.9333734264799,0.0724501782652149,0.06019446761405421,0.00025524584132185623,4029.599267513521,966.1538165114084,-0.22530340840276408,-0.10182835697459464,-171.33056632831926
2.063016712185554e-6,224.70077168930626,3503.765564801461,0.00983020762511594,-0.031132225809380118,3.0732775571601588e-6,365.25645165514766,3624.402355063757,0.021657109675828012,-0.02058863042762856,1.988713625707816e-6,871.9522281857752,215.63909382186895,0.06660650911385237,0.0715448564680022,0.0002670586574377291,4029.4621630378138,951.7273150461417,-0.21178012029153176,-0.10515191349632487,-169.66261271864855
1.9584077227230168e-6,224.70077154690256,3503.7655701781628,-0.0014161899164594777,-0.02851662416977003,3.0088485042941937e-6,365.25645064002043,3624.4023655914543,0.012968655004457676,-0.018240863335114318,2.11439055149908e-6,874.1933724718331,190.0788827962078,0.04346953971649068,0.07689319063467498,0.0003256942667727778,4037.7594747453672,927.972091245368,-0.14977807883693126,-0.09640117041497222,-168.36517329517386
1.8813271425775544e-6,224.70077136528985,3503.7655769788153,-0.01011996192165207,-0.024484088093951317,2.9582260600642233e-6,365.25644998109857,3624.4023720028194,0.006206505721064691,-0.014843034405750714,2.2382516683006554e-6,876.4402770823094,158.17611104111776,0.014642272828838744,0.07768193696626653,0.00040749842483645243,4047.7496680692866,873.9945991498093,-0.08950897390257768,-0.09180034286910646,-167.41489768545026
1.8427343683529507e-6,224.7007711996502,3503.7655826512205,-0.014889212436315325,-0.022430966562459125,2.928668668921955e-6,365.2564497036977,3624.4023721899025,0.0024507208872438097,-0.0130325071741742,2.392590376148293e-6,878.6929568227362,126.57390700898671,-0.003935526635751453,0.07498276223882754,0.00047572862666175544,4056.15425957692,812.3068869606659,-0.052614557338917387,-0.09195941142745127,-166.85132594377833
1.8364514708183414e-6,224.70077103727397,3503.7655876475524,-0.01674089764125146,-0.02255390041403885,2.9143803370719022e-6,365.25644958109007,3624.402369243112,0.0008970335632667679,-0.013019888850978104,2.5506419302865826e-6,880.9514265367029,97.97311034345257,-0.011825818799468394,0.0726140575124454,0.0005207050630374478,4063.530519938976,764.5209787132956,-0.032586444355196274,-0.09271436303965058,-166.87231969574725
1.8575546790207951e-6,224.7007708560132,3503.7655928547106,-0.016454322967804663,-0.023249360366630705,2.9113250451717407e-6,365.2564494870256,3624.4023658347546,0.000949913368526395,-0.01359074975979342,2.6616738391095518e-6,883.2157011059476,69.70779237431832,-0.01654346165465507,0.07057262835291413,0.0005561320119085866,4071.4574517013098,725.7321693937031,-0.01879557276835563,-0.09264420704611642,-167.7061712476104
1.908234074958149e-6,224.70077064896125,3503.765598241153,-0.01409789351919014,-0.023238895507838763,2.9196417379446713e-6,365.2564492607445,3624.402364597142,0.0025766735906614523,-0.01376858320186901,2.6481964115894868e-6,885.4857954504607,925.467560939659,-0.021879921665982505,0.06867167191804731,0.0005896738327839038,4082.1312169349953,692.885546893557,-0.007880301750036086,-0.09066330947468765,-169.55898757911731
1.9915902570805844e-6,224.7007703316038,3503.7656047192695,-0.009158955576212224,-0.020741670725179805,2.9435193300011654e-6,365.25644806859106,3624.4023768967127,0.006260468411382965,-0.012125627554262879,2.286225342658385e-6,887.7617245285813,896.9957331208329,-0.03262384285472795,0.07181702137827375,0.0006316434523009389,4107.155968646504,661.0573301779875,0.00038508524592933475,-0.0829376714419952,-172.39352415536865
2.076753628001456e-6,224.7007697531483,3503.765615504351,-0.0019122796694203605,-0.014827257338388437,2.9854734784161737e-6,365.25644438871365,3624.402426590246,0.012014185970983832,-0.007768218510380738,1.3768506351286792e-6,890.0435033370923,885.5237656106827,-0.04535581557787283,0.10926506203348141,0.0007030093444225693,4162.487178334339,632.6052812754477,0.006464098847132683,-0.06347410360951605,-175.2599816044867
2.109680425376767e-6,224.7007693850725,3503.765623434987,0.002719904600350611,-0.010937038359267131,3.015897197215533e-6,365.2564415729458,3624.4024691953996,0.015815433971445247,-0.004914272585959944,9.079728478974131e-7,892.3311469113247,902.2584051192616,0.03755186519369578,0.1563559669350325,0.0007723744440364773,4200.217591767791,625.1292187726149,0.013105268191033227,-0.04872941649764236,-177.02271408682194
2.1235942632247317e-6,224.70076923826937,3503.7656268805977,0.005182186746806599,-0.009179375735053888,3.032542352050332e-6,365.25644048521536,3624.4024873488675,0.017843621662936456,-0.0036765057700789486,7.048986838236422e-7,894.6246703252549,894.6954710807108,0.12538188748275939,0.1355850521835984,0.0008218499419291264,4214.642764456755,622.3157387352924,0.01905506875581291,-0.042540628013921854,-177.99415546195343
2.1302864906753475e-6,224.70076918734543,3503.765627922233,0.006704822169804174,-0.008323010741212555,3.0427949461878473e-6,365.25644021959585,3624.402492893392,0.01909950497659677,-0.0030994852520733786,5.379802464154585e-7,896.9240886916,875.4978472521458,0.19890247212186465,0.0886258181576714,0.0008515382064209565,4218.605699895312,623.5997261715626,0.022803678372752635,-0.04001501920797313,-178.5422391659265
2.1322594205943474e-6,224.70076918539425,3503.7656276511566,0.007749910490701772,-0.007924266135147792,3.0497415491823794e-6,365.2564403610816,3624.4024919088424,0.019960128900532698,-0.002847168180315008,3.8808486045158595e-7,899.2294171619237,846.0250329152956,0.27812796698800335,0.00420902783876923,0.0008662726060167956,4217.5363682493635,628.4909749881475,0.024778494602390917,-0.039098011553195,-178.84395731503724
2.130893014873874e-6,224.70076920993952,3503.7656267023563,0.00847943878045096,-0.0077923570453509615,3.0545304015978657e-6,365.25644071228635,3624.4024875228833,0.020557784881900465,-0.0027811278242920443,2.5452109969876777e-7,901.5406709267332,791.1921072853748,0.36355839452074695,-0.18077416034247618,0.000870632645420273,4214.191376436024,635.5580764299074,0.025505910181075297,-0.038943464870254615,-179.00098107240927
2.0999338722711933e-6,224.7007692736113,3503.765624304789,0.009823114036938509,-0.008133544786681607,3.0624431556707184e-6,365.25644223787884,3624.402465346907,0.021655603446182854,-0.0030506696608905795,2.2632934286477854e-7,903.8578652155765,1049.036646740443,-0.2985705173523898,0.2358782694457175,0.0008615686547257989,4202.638648523054,669.4776332006395,0.024153769596556976,-0.038045709641368275,-179.07891275014904
2.1676415960682627e-6,224.7007693229281,3503.765621104302,0.012174163809382441,-0.01082490595650593,3.0772044508148006e-6,365.2564427385135,3624.4024570823312,0.02342889080601209,-0.005244912498577799,1.041319439228829e-6,906.1810152971482,488.88593428120237,0.07052494474416596,-0.06556174247273396,0.0008093003722025429,4185.683608238407,693.9904272739093,0.017544930310917566,-0.04184200651009756,-179.0722243440658
2.1629091221005474e-6,224.70076939207445,3503.7656191428628,0.012322956985870749,-0.011157232487295344,3.078392181939508e-6,365.2564431907129,3624.40244965802,0.023494549540514807,-0.005505503440789517,1.1909609640488924e-6,908.5101364793874,460.80077802045076,0.04922663054438418,-0.10376997298386778,0.0007926254010691747,4179.073009982519,701.7845953406986,0.01548093753613042,-0.04343278464571949,-179.00821570363323
2.169531438954786e-6,224.70076949538105,3503.765615095536,0.009978213602573786,-0.011663523960026838,3.073492781808442e-6,365.25644391917825,3624.4024236363234,0.021555044715218928,-0.00599916960837853,2.584798641869012e-6,910.8452441095759,651.1588127290419,0.10238518368980459,0.10790929924050524,0.0007585561411361729,4176.757041266008,690.0476278954384,0.01067058881145002,-0.0477674478291852,-178.71253342209405
2.151461022889278e-6,224.70076938301105,3503.765616904387,0.009778859993921708,-0.009361706286996941,3.0772072284719523e-6,365.25644273460836,3624.402451118498,0.02161049494093796,-0.004157907006218668,5.325366502483154e-6,913.1863535744448,614.6567641186211,0.12380627169592402,0.015626146519146688,0.0007856389771424805,4183.17300833944,707.4600434517963,0.013137532237429262,-0.041296913318258396,-177.80997406238407
2.144781305581323e-6,224.70076919227566,3503.7656231979504,0.01020601969619703,-0.00656612336458348,3.0723156272769436e-6,365.2564409783029,3624.4024918298524,0.022172456710805144,-0.0018153407605960403,4.322898866212172e-6,915.5334803002729,583.3800542204059,0.12576931390760404,-0.032717610740442334,0.000887855836558808,4192.590221379788,694.9176174928128,0.026856136229665425,-0.03576139915372381,-177.75382255277503
2.1376612536376903e-6,224.70076918261984,3503.7656250453942,0.010059086375296384,-0.006488267389170387,3.0689776827317144e-6,365.2564405670508,3624.4024979299593,0.02206646760970118,-0.0017650080813625955,2.516828975242161e-6,917.8866397529861,561.3043359714653,0.12872135529336848,-0.03812057010504337,0.0009097955915040964,4201.625728920836,680.4202104171643,0.02931631733889575,-0.03461070915088015,-178.3556364862917
2.1353977169645068e-6,224.7007691686903,3503.7656262820065,0.009788649807113645,-0.006891498381527349,3.0659401367673683e-6,365.2564403749371,3624.4024986127997,0.02181417436739168,-0.0021320687324633066,1.5554202507820326e-6,920.2458474382643,-379.0735745996632,0.12698688640965436,-0.043676605313610325,0.0009054138453246485,4210.4774882733245,664.3774789393583,0.028694783005149837,-0.03471817687081973,-178.8044266978548
2.131186872894215e-6,224.7007691512473,3503.7656273951834,0.009126315953951802,-0.007292981762579158,3.0611047521902462e-6,365.2564401959879,3624.402499002847,0.021244986380433872,-0.0024930693051181626,1.0524353740435655e-6,922.611118901641,526.6938564928881,0.11244024489721972,-0.044726522870701516,0.0008968730749623021,4219.755263911592,647.5775813767231,0.027493761937620046,-0.03494600231129783,-179.08323491834176
2.124290224566664e-6,224.70076915171188,3503.76562800926,0.007934629354135612,-0.007732684894823837,3.0529283383781313e-6,365.25644011683477,3624.402498094414,0.02023819627288174,-0.002863585696893808,7.715759337148214e-7,924.9824697286033,527.1506185883771,0.077277077677401,-0.028254571519676624,0.0008831021447415847,4227.920013899092,631.7328380857809,0.02562099604494052,-0.035502088326619205,-179.18169627849167
2.148205997680121e-6,224.7007698781833,3503.7656108782367,0.006671894479587337,-0.01338340059728566,3.035321626410251e-6,365.25644636041454,3624.4023856763297,0.018411956898167464,-0.007433575841180976,1.4435027115266128e-8,927.3599155446994,-4029.164518591339,5.2613350133673515,-13.973784197767216,0.0006785317390655007,4154.391286343904,655.1205275773417,0.0031470818251800466,-0.06479411324953785,-178.83691702038465
1.8037666401552875e-6,224.70077177724286,3503.7655844631163,-0.024370312815554303,-0.030401957548598788,2.859070126376576e-6,365.25645905139186,3624.402227819535,-0.006947157640098254,-0.02036767483816624,4.271791156499055e-6,929.7434720156397,294.6336385246269,0.1654512760020162,-0.05424627693766537,0.0005544363843079057,3935.740122889005,798.6733567642214,0.017779235411375265,-0.12470954495756871,-174.6228674563469
1.7637521660551678e-6,224.7007717802245,3503.7655838946243,-0.03036566129598978,-0.028238602161624264,2.826610595498912e-6,365.2564558384904,3624.4022814944487,-0.011671549824021868,-0.018388739130387095,3.816384781988223e-6,932.1331548473963,267.034820078899,0.17877941050608218,-0.060618981437411276,0.0005383379651848413,3967.7441773353653,809.2453205830678,-0.0014686374616270203,-0.11506372425456382,-170.97022196148893
1.7581354527945317e-6,224.7007716226822,3503.7655860634854,-0.03219574534756042,-0.023342589991611325,2.8169873565782717e-6,365.256451910062,3624.402343404331,-0.012985507563118443,-0.014287407336430292,3.2102831963376477e-6,934.5289797863139,239.83243381177783,0.2044916634792648,-0.05841092465474621,0.0005516565770334037,4017.6306584885856,835.4230552114719,-0.017300578516087517,-0.09072177255608344,-167.8866779677436
1.7958396193548167e-6,224.7007713250531,3503.765590393799,-0.027807623706546266,-0.01882908092466805,2.840980631139892e-6,365.2564490835879,3624.4023912630337,-0.009215270347448321,-0.010675174421202128,2.5811532969437916e-6,936.9309626192053,213.48728705792686,0.2374193639739126,-0.06255388836424323,0.0005882255320938628,4055.014309579222,851.5829663164526,-0.01761023443753202,-0.06999823149813511,-166.28188133262447
1.8562255713124836e-6,224.70077111755418,3503.7655922657705,-0.02040665018174162,-0.015563882998438106,2.882956446183581e-6,365.25644810904834,3624.402411362766,-0.003065795929946038,-0.008263748439699854,2.070422008992143e-6,939.3391191734626,187.68943572387087,0.2623143713471145,-0.07195886984969209,0.0006109529955813936,4071.426593768865,864.049500148587,-0.015016153661632526,-0.05948394083326592,-166.5923667356295
1.9222479662058075e-6,224.7007709686118,3503.7655929245743,-0.012768318330748879,-0.013405228104246113,2.927334842821423e-6,365.25644797358825,3624.402415742899,0.0032160366913873395,-0.006829991567027839,1.6445909304037196e-6,941.7534653171582,160.42240381403533,0.2811409506314947,-0.09038712503406762,0.0006222087263150015,4080.9286921185126,876.829671339143,-0.013473652770707665,-0.052782634936968616,-168.06660404356626
1.984099411007822e-6,224.70077081342785,3503.7655940280024,-0.0060179766395936285,-0.012129788580514316,2.966829505158628e-6,365.2564479908488,3624.402414256145,0.008759851865606568,-0.006097193544845879,1.2489290255874205e-6,944.1740169591469,128.4281581775845,0.3016787307852382,-0.1317280501498276,0.0006336687750781952,4091.149489788234,880.6951589538692,-0.011328790383296825,-0.047924895226090475,-169.89447078290618
2.0345981522077726e-6,224.70077063865705,3503.7655959812105,-0.0006559379996014206,-0.011348145718446166,2.9980261745783e-6,365.2564479956404,3624.4024100513393,0.013193123336825385,-0.005693951486330196,8.54659116450806e-7,946.6007900491762,83.47635654984529,0.3269438730760637,-0.2304463566868318,0.0006500946694744257,4103.003891255288,872.7508230421662,-0.007807795095637895,-0.04470417385723111,-171.63341875640978
2.0642603880602564e-6,224.70077033917727,3503.7656008055137,0.00308831537344519,-0.008702929202224804,3.0234758712755633e-6,365.25644671412584,3624.402417763429,0.01640514315167021,-0.003410172121340323,1.394552394571235e-6,949.0338005779886,401.5059427826014,0.10069900175603749,0.1489166955087859,0.0007153320895894595,4122.893364163497,821.3566485315238,0.006081857721885634,-0.04390917821014109,-173.0003888607596
2.072160508296144e-6,224.70077023394,3503.765601899109,0.005525946508334041,-0.008278703139968034,3.0378189263457023e-6,365.2564472075468,3624.402405101207,0.018477621742052065,-0.0030707266182618408,1.4134391828902777e-6,951.4730645774242,359.5439575563815,0.056283950051497646,0.13373065246105112,0.000724367940519184,4130.462428618482,806.0223894318651,0.007971724614368016,-0.04369192196539602,-173.8165084673039
2.081100228437917e-6,224.7007701621089,3503.765602343556,0.007412528864008254,-0.007948759553845062,3.047770352930791e-6,365.2564476640353,3624.4023925612605,0.020073363533276177,-0.0027632391914617633,1.5138823870694535e-6,953.9185981205318,318.0644518261267,0.033559080755400046,0.10526431299332939,0.0007254713835610107,4136.494992662322,789.3285773278731,0.008381690988080137,-0.04457120390308548,-174.55381350073458
2.0924613294579243e-6,224.70077010834555,3503.7656024639928,0.008922631376035172,-0.0076793267050522225,3.054685346990035e-6,365.2564479046478,3624.402383455046,0.02133430177153622,-0.002463030352705925,1.6353829005366884e-6,956.3704173216722,280.4877857020129,0.025183599142319265,0.07765773731290464,0.0007201663660762681,4142.074557364929,770.6231107924389,0.007490229233664294,-0.046223777629548206,-175.2592159313722
2.1055012321086267e-6,224.70077005738096,3503.76560261092,0.010064839440121359,-0.007390601243471534,3.0588246625428445e-6,365.25644772996736,3624.4023810521,0.022277912411115337,-0.002105687567167288,1.7407838320309984e-6,958.8285383366215,245.03709839702609,0.022478661795521975,0.05266671201318984,0.0007116880968994576,4148.60621752834,748.1343810399179,0.005697316448341752,-0.04832474261707978,-175.94166607157027
2.116605189752385e-6,224.70076999508234,3503.765603145635,0.010685985574390162,-0.006959674399978014,3.0594985976372335e-6,365.2564469513041,3624.402388398284,0.022795666617883802,-0.001592428281385956,1.816640032579594e-6,961.292977362683,208.89267822192957,0.022936598861328487,0.028307150373438315,0.0007048509491714029,4157.3973877660865,719.7059469750681,0.003773702601851507,-0.05053748791651847,-176.54616417864278
2.1191750284446296e-6,224.700769910463,3503.7656044115906,0.010508494746166117,-0.006238788241508589,3.0553899308382595e-6,365.2564454788595,3624.4024072266116,0.022676488611783684,-0.0008103530877755923,1.8722131427568992e-6,963.7637506387917,170.25111102857585,0.029188432229033282,0.004304931668916186,0.0007062832890884025,4169.340406112487,683.5531194883222,0.0030718790208557104,-0.052449691379500424,-176.95253011769296
2.1054186387638694e-6,224.70076980191115,3503.765606630104,0.009230481133905582,-0.005131691689111464,3.0451672140985743e-6,365.2564434446722,3624.402436290984,0.021670831455493846,0.0003015530027298339,1.933404511177739e-6,966.2408744456176,130.2720428873463,0.04550910374071499,-0.014101634369973541,0.0007243333573497966,4184.47093790823,639.7096982340491,0.0054147037705853315,-0.05347912563636558,-177.0175209749274
2.0709585601319243e-6,224.7007696806415,3503.7656098043485,0.0067736313508064035,-0.0037249099981777746,3.028810883669329e-6,365.256441211677,3624.4024712377072,0.019678350096090452,0.0016488879717154858,2.0111950714327563e-6,968.7243651056793,1061.6892958042886,0.07006905878409099,-0.017867260768481847,0.0007672197217278334,4201.886426271532,591.0067464371147,0.012103638257204445,-0.05293370194292942,-176.65445207578674
2.0210318941206286e-6,224.7007695680137,3503.765613588964,0.0036350417194338414,-0.0023608048490794133,3.009519405289409e-6,365.2564392292076,3624.402506205404,0.017059722427110593,0.0029241935317029814,2.0807474016965712e-6,971.2142389834487,1032.087183564741,0.09360407481270146,-0.0039026064888199054,0.0008359759042293671,4219.639686526659,543.9062065279932,0.02214424323231288,-0.050538249458384574,-175.9008447518412
1.9750117772547024e-6,224.70076948503362,3503.7656172775983,0.0009355094304119681,-0.0014962787999109092,2.9935631812229604e-6,365.2564379561516,3624.4025337158882,0.014724980741332118,0.003733336928322631,2.101809226126622e-6,973.7105124854554,1007.219575637398,0.10861572589258302,0.0191663960840607,0.0009113085512405977,4233.781374063398,509.98540923080475,0.031736539968218444,-0.04714396141667755,-174.94324038239594
1.953107935595326e-6,224.70076942441892,3503.765620609496,-0.0005036416860650334,-0.0012506796170942453,2.9850471454217873e-6,365.25643762082825,3624.4025480006558,0.013391079498764396,0.003980308277838129,2.0327960686862068e-6,976.2132020604012,985.2234503327654,0.11852839318648326,0.03845167203109345,0.0009644286607131641,4241.466889564821,496.7598752419443,0.03793778291101765,-0.0439646771439888,-174.06295089223258
1.9593943373902488e-6,224.70076934847927,3503.7656242690186,-0.0006444324179128019,-0.0015645981875409393,2.98419695258181e-6,365.256438032948,3624.4025495517194,0.013124578928217247,0.0037184596845155475,1.8306679759790755e-6,978.7223241992654,964.8391659031657,0.1337500940420429,0.05044147722708546,0.0009862204396766255,4244.400142691722,501.4356705703688,0.04079432199357204,-0.04121322611676212,-173.4685696306845
1.9898062136338233e-6,224.70076922069515,3503.7656290833665,0.0003626645593233742,-0.0025980757459975272,2.9903090822717147e-6,365.2564389342602,3624.40254092321,0.013798564943732572,0.002823760935748799,1.4677593149730233e-6,981.2378954354101,-35.22133316456898,0.16906408779783488,0.05595833113915557,0.0009799028158299385,4245.287555537586,519.8547376007292,0.0410382708220141,-0.038640052750981375,-173.1775570361889
2.040472998229258e-6,224.7007690344772,3503.765635075781,0.0023925640028113603,-0.004519007891101084,3.0020514083998228e-6,365.2564402473668,3624.402522979994,0.015298313802225157,0.001180994613805621,9.855514278147453e-7,983.759932344696,926.1977069650313,0.25886790179826036,0.03895574561642947,0.0009482029929551305,4245.292255959164,548.4662649736418,0.039113711717583405,-0.03633210837051937,-173.05981396089086
2.3213641518235714e-6,224.7007686854958,3503.7656481472463,0.0026177360005172137,-0.00857251368918709,2.97696426953231e-6,365.2564422921803,3624.402487476437,0.014863111716854031,-0.0023499830266835915,2.581879179696157e-6,986.2884515455876,209.3001386590885,0.06383475141000415,0.08083864538845367,0.0010101864406429361,4248.30684277609,605.9194538670165,0.045669948230160774,-0.028593112515564633,-172.58953311166994
2.3444640662137115e-6,224.70076865889743,3503.765649288856,0.0034199810162317827,-0.008712420641200065,2.983268019652741e-6,365.2564442908614,3624.4024536580127,0.01559210367846284,-0.0026798525352044033,2.910389092796999e-6,988.8234696992603,185.03712612294004,0.06633264952773138,0.06815590136058462,0.0010045915742262503,4243.6264984394875,617.9980101244803,0.048597254289169174,-0.028730547883659453,-172.21954741848958
2.35147631350965e-6,224.7007686355252,3503.7656498347696,0.00477176917345148,-0.00890085688396217,2.9948625804166294e-6,365.2564460430945,3624.402422744548,0.016803909067746384,-0.003061316795446036,3.077960516513128e-6,991.3650035097161,163.53271771043552,0.07264109071601589,0.05915724578804077,0.0009815022012198834,4238.476284835702,627.4156622628733,0.050395032254974596,-0.029840940964772397,-172.1196361376713
2.3518888946138715e-6,224.70076861127737,3503.7656500909097,0.006532519478107855,-0.009210555624710287,3.0097107667434633e-6,365.2564473297103,3624.4023982063727,0.018352410230483195,-0.003552881739740361,3.1565544284237793e-6,993.9130697238908,143.09183128420426,0.08005828250129925,0.05048415177180153,0.0009479212745505784,4233.228529814058,635.1665334972112,0.05135539227292442,-0.031608094673425104,-172.3583662890728
2.349910613394551e-6,224.70076859434442,3503.765649924878,0.00841786921853789,-0.009697600414502287,3.0253747673714095e-6,365.2564479179866,3624.402383472955,0.01999360865630515,-0.004193066473617039,3.183737892098235e-6,996.4676851317607,122.69707984527676,0.08611471026627372,0.04064788432449977,0.0009109471339956352,4227.688299915787,642.9741925861874,0.05143007189544203,-0.03375572561958848,-172.9953084335183
1.9728466187846675e-6,224.70076869003765,3503.765650788056,0.006574067053703817,-0.007827654567557862,3.06268302995402e-6,365.2564454644706,3624.402417937,0.018418474811362384,-0.00282226960785315,1.9885429093470516e-6,999.0288665664615,553.7153329164292,-0.07248544233755845,-0.07772365598358248,0.000989033953023856,4227.634656611853,644.2748908902824,0.05744342442427756,-0.030122229660258605,-173.64804678101825
1.962422946466376e-6,224.70076874264402,3503.765648302598,0.006299682201498288,-0.00893325324312272,3.0637440418989544e-6,365.2564445519764,3624.4024246941035,0.01825096021822171,-0.003833106400782879,2.2594260164732545e-6,1001.5966309043895,552.4347346318007,-0.0594245700265823,-0.041498665184873475,0.0009805012074317564,4218.685172158949,667.2072777537999,0.054827223261423856,-0.031115155823647538,-174.6559964517006
1.8984320126881806e-6,224.7007690435923,3503.7656386074627,0.0012229890273976387,-0.010055443090561354,3.036321409376559e-6,365.25644304755895,3624.402440100115,0.01423920333933986,-0.004701498636901322,2.9980431089146063e-6,1004.1709950653214,554.7586944007314,-0.010343895898892496,-0.0005457988878305365,0.0010613228359570735,4199.763426738712,716.8243735969146,0.04956857848216569,-0.0296723039571641,-175.53370731995426
2.1976476851611023e-6,224.70077055088433,3503.7655954285265,-0.013977941389940716,-0.009019244186275565,2.8896342035727797e-6,365.25644780974886,3624.402362609904,0.002408494921216354,-0.0036262058328115753,3.3658010241596157e-6,1006.751976012522,998.5719845203937,-0.0704666385229319,-0.07496125163661155,0.0014565622284092928,4135.00268982957,834.5102378232663,0.04424158794057105,-0.026555342862909444,-173.69943905040287
2.1605373282610494e-6,224.70077090983108,3503.76558347388,-0.01741853820605845,-0.008409299980895719,2.8643160290574486e-6,365.25645187830696,3624.402307238664,-0.00040400462597008037,-0.002442748801141402,3.169975296306331e-6,1009.3395907528532,951.7231790542708,-0.10478204376935207,-0.12984895798980417,0.001676041293372023,4143.3423718106615,807.8406605747022,0.04406754473217063,-0.025024569538038235,-168.76405060551014
2.135467360910483e-6,224.7007707588868,3503.7655832492646,-0.017702166371360867,-0.00833268852716063,2.859859385577848e-6,365.25645580491937,3624.402252076613,-0.000579785964500049,-0.001824822270718599,2.8483049732265432e-6,1011.9338563368913,-107.818350464978,-0.09992169812932429,-0.17989263153636653,0.001732605219407521,4170.940409723124,744.3294973009669,0.04275616786802786,-0.025142197401952386,-163.81718008951907
2.121903978503174e-6,224.70077039765772,3503.7655894636137,-0.01665013584461538,-0.008317091306329193,2.866147445783754e-6,365.25645926053767,3624.4022012449677,0.0003718520451448835,-0.001550723193926207,2.65160127540913e-6,1014.534789859038,-150.21505953729266,-0.06809454870853128,-0.20532140634172155,0.00169468094212981,4201.012990438137,679.8296496888668,0.041203117834946,-0.02569219354228958,-160.3061598109616
2.116624823536077e-6,224.70077000668348,3503.7655982866854,-0.014749192278622852,-0.008259789098211963,2.8801000789388554e-6,365.2564617732067,3624.4021619748482,0.0020179759438421303,-0.001514868621251236,2.4964507264110904e-6,1017.1424084576283,839.3342661853038,-0.048682853880101656,-0.20285999577768526,0.0016019653458714488,4226.188718761716,627.5542395389351,0.039795163723349486,-0.026517043581073475,-158.7731444562336
2.1178383144401934e-6,224.7007696648608,3503.7656072136588,-0.012237948409446742,-0.008252669541281723,2.8993008288215186e-6,365.2564629414553,3624.402141047006,0.004139143427583479,-0.0016911904051706485,2.352933727438842e-6,1019.7567293150507,823.5553393667806,-0.04453390106074923,-0.18681120569152854,0.001483207685256113,4244.718972991373,590.0507666229626,0.038318865976532425,-0.02762798880327067,-158.9515512166241
2.1240997370004853e-6,224.7007693909505,3503.7656150688485,-0.009345504774077258,-0.00834182537686319,2.9212389951616344e-6,365.2564627588146,3624.402139620725,0.006539284814282827,-0.0020165417621993463,2.23357440617511e-6,1022.3777696578567,811.4530684844763,-0.04510944611840324,-0.16566001880478157,0.0013613759162616936,4257.606024422245,564.3907534769804,0.036604066130701544,-0.028950089950901106,-160.20261510411166
2.1331726628064278e-6,224.70076917874886,3503.7656215692887,-0.006282273549588466,-0.008508543088894243,2.944084074497452e-6,365.25646148370566,3624.4021549119934,0.009051977505527197,-0.002414063240599913,2.1302541108586665e-6,1025.0055467568714,799.574219498312,-0.0454301349116008,-0.14476819536906702,0.0012495073254905657,4266.407698718035,546.8948359207886,0.034630607642731584,-0.03033831640250762,-161.96415825748343
2.1429243042470663e-6,224.70076901573734,3503.7656268143564,-0.0032147536222742064,-0.008715813724556416,2.9666737541288623e-6,365.2564594187173,3624.4021833791758,0.011549998505649436,-0.0028253581563173788,2.0262142360839475e-6,1027.6400779273133,786.355364176619,-0.04518203375016902,-0.12684057788266034,0.0011525968619131401,4272.370400442146,534.8860867890753,0.03247003625919487,-0.031670971953422715,-163.87958179946907
2.1519623641939885e-6,224.70076889047047,3503.765630987792,-0.00026989609051503014,-0.008938953422677413,2.9881946730616315e-6,365.25645680377943,3624.402222201767,0.013935051470446583,-0.0032199449209638306,1.9109513424635022e-6,1030.2813805289063,771.4837518201513,-0.045347379486101125,-0.1123915130015273,0.0010714229511856275,4276.273365632615,526.8349233038404,0.0302386512942026,-0.03289481322146315,-165.74926204384428
2.159606929949854e-6,224.70076879430994,3503.7656342485384,0.0024485190324020295,-0.009166121999995652,3.0079555883446455e-6,365.2564537957024,3624.4022694275122,0.0161237248999338,-0.0035851580953124044,1.7831894599719908e-6,1032.9294719659893,755.0738375523362,-0.046576871845722484,-0.10101256433715723,0.001005223317789129,4278.592439754676,521.8509998065825,0.02807687095588678,-0.034022716054354064,-167.46443084314714
2.044222409447604e-6,224.7007685849905,3503.765641460352,0.006194206406364317,-0.009230358842840205,3.052373584740057e-6,365.25644893949845,3624.4023558467784,0.019055909914612562,-0.0038259245860460473,2.261659843258745e-6,1035.5843696876386,279.838344061581,0.0741876991690642,0.05156340114974638,0.000949703231416207,4292.901123036594,502.28671400213744,0.02450606991779568,-0.03345048173322353,-168.95325164834105
2.0624291905660536e-6,224.70076854055614,3503.765642863656,0.008151289091576808,-0.009464456569052739,3.0637912211176224e-6,365.25644553189557,3624.4024105888284,0.020608580627215805,-0.004125707325280979,2.1135289140347574e-6,1038.2460911877788,252.63373018285824,0.07096853420012465,0.051257011837857684,0.0009103379641918378,4292.14208980127,502.0465226243318,0.023079312949670545,-0.034769510606916326,-170.08335408339002
2.077942640801642e-6,224.70076850865206,3503.7656438001536,0.009754263150695141,-0.009702409721288207,3.0727876615638987e-6,365.2564417944529,3624.4024709712116,0.02186166641080134,-0.004404009911073018,1.9902086953265442e-6,1040.9146540052955,225.69169044138417,0.0687810364276683,0.05082917288479125,0.0008800524549338215,4290.742711441523,503.4396220418968,0.021898341003105438,-0.03604072950573749,-171.0616178092533
2.091391258034615e-6,224.7007684868143,3503.7656443648743,0.011016200485518986,-0.009935973166737697,3.0794580391371552e-6,365.2564377128583,3624.402536201545,0.022827949984187135,-0.004657470705167828,1.880116309522457e-6,1043.590075724157,199.39146290514898,0.06771512674926346,0.050764723157267135,0.0008573706814336431,4288.94206894822,506.04351946326216,0.02097371216905173,-0.037240486064173725,-171.898095783951
2.1031830436891727e-6,224.70076847274694,3503.7656446585456,0.011972864114878605,-0.010159373884116621,3.0840791138582445e-6,365.25643324162075,3624.4026060256633,0.023540119037793118,-0.004884935329389931,1.7748943281547359e-6,1046.272373973527,174.0326610198748,0.06784067613720443,0.05137966652824379,0.0008407891116424384,4286.951758499428,509.4646130593671,0.020287105317239696,-0.0383279320768726,-172.61237735494527
2.1135077873664618e-6,224.70076846499958,3503.7656447572244,0.012672412819419518,-0.010367106196680118,3.087023299565591e-6,365.2564283050101,3624.4026809262045,0.024041271675536918,-0.005085409896983018,1.669996071848014e-6,1048.9615664278772,149.7939254928355,0.06928394569904786,0.052818986839069174,0.0008288843586948936,4284.880707214503,513.4609215597557,0.019801645083041164,-0.03926756971688773,-173.22555038383572
2.1223935876228855e-6,224.7007684620771,3503.765644726304,0.013162219662782111,-0.010558147220346049,3.0886562355242744e-6,365.25642278238035,3624.4027623453953,0.024373565149557578,-0.005261235314620216,1.5647465455644492e-6,1051.657670807111,126.74786542438584,0.07226014423678265,0.05512275391340685,0.0008204935146817378,4282.822678601276,517.7796252918811,0.019476026065994755,-0.040042421176842785,-173.7551170006898
2.1298380745449274e-6,224.70076846291465,3503.7656446082324,0.013486761281685607,-0.01073241827680215,3.0893064808036094e-6,365.25641649822,3624.4028527034816,0.02457562858342241,-0.0054151152484432745,1.4605658256362622e-6,1054.3607048766758,1159.2431620270559,0.07708048586051444,0.0583133145440993,0.0008147219475384982,4280.805096028017,522.2901296957559,0.019276810553411513,-0.04065399704135536,-174.2137372490179
2.1358718926020713e-6,224.70076846660572,3503.765644431932,0.013679328684317739,-0.010892767143458524,3.089210254803844e-6,365.2564092015369,3624.402955535458,0.024676195981698422,-0.005551596971558275,1.3597050591450518e-6,1057.0706864476788,1141.213623686891,0.0841683456321569,0.06244248473218698,0.0008109409991372902,4278.8453667034655,526.8838775339116,0.019178855209960707,-0.04111656165692781,-174.61027338575323
2.140606518507552e-6,224.70076847245477,3503.7656442157077,0.01376760589174495,-0.011041424267068202,3.0885504983543543e-6,365.25640053382256,3624.4030758425397,0.024698665889237307,-0.0056743006318821275,1.2647153936330421e-6,1059.7876333770084,1124.2248156836833,0.09405044930521497,0.06763218136321006,0.0008086875925415053,4276.945243716691,531.498259392774,0.019162699213336718,-0.041449990256157775,-174.9513587931496
2.1442551893516236e-6,224.70076847993164,3503.765643969993,0.013774714954635597,-0.011179199787208475,3.0874619925362086e-6,365.2563899811931,3624.4032206782526,0.02466210821447956,-0.005785174623378466,1.1775814631377572e-6,1062.5115635674506,1108.2186381824054,0.10752166548925617,0.0740270674988861,0.0008076029212147022,4275.1002987253205,536.0774584347956,0.01921274376451927,-0.04167894432124179,-175.24258275107854
2.1471231040098392e-6,224.7007684886737,3503.7656436980897,0.01372140351770767,-0.011308764075792522,3.0860509019692743e-6,365.2563767994918,3624.403400123837,0.024583262949268152,-0.005887414016577084,1.1001693691231173e-6,1065.242494967803,1093.1381535785326,0.12562330757818718,0.08185179865839844,0.0008073188685775733,4273.30944934785,540.56761764044,0.019300174685758623,-0.04183122200314421,-175.4891551897317
2.1495182289690133e-6,224.70076849844386,3503.765643399932,0.013625169880193022,-0.011431872098556447,3.0843917746026848e-6,365.25635987070285,3624.403629202254,0.024476088987615472,-0.005983049232118564,1.0345380679063362e-6,1067.980445573,1078.977016602908,0.14995381821298,0.09113232808468953,0.0008075250446220744,4271.556816113971,544.9669598834918,0.019399973631116244,-0.04192960037933116,-175.69627299294115
2.1517517265135297e-6,224.7007685091142,3503.7656430716,0.013503940116671885,-0.01154792210216185,3.082548999685428e-6,365.25633747377486,3624.4039309356194,0.024354837301919417,-0.006071999655718241,9.864224041743236e-7,1070.7254334242239,1065.5564605502757,0.18222251080301413,0.10116693379191523,0.0008078917002339104,4269.834326307841,549.2484724647105,0.01947948614005672,-0.041996439789889234,-175.8695108767129
2.1731006781262724e-6,224.7007684897512,3503.765643313307,0.012709820362659411,-0.013254164763283794,3.0765929767372717e-6,365.2563055809195,3624.4043495621513,0.023723694633008035,-0.007453600900468014,1.041093093398806e-6,1073.4774766090304,677.4043373651698,0.22392415251345968,-0.08045967381537746,0.0008101190076361862,4265.331687467307,567.3890001862359,0.019242973006531352,-0.0415321269148011,-175.9935449273764
2.1726494247052624e-6,224.7007684941979,3503.76564318153,0.012527101847240218,-0.013566810895652256,3.073975224433095e-6,365.2562603728982,3624.4049525835912,0.023568033389564563,-0.007697471080630464,1.3933130766024652e-6,1076.2365932614655,659.3629449146008,0.20979285876805207,-0.06587455679188213,0.0008106518978958368,4264.066720137746,572.2281007597574,0.01919558159224936,-0.041396107739933866,-176.05623357929446
2.1710316170438385e-6,224.70076850354698,3503.7656429500107,0.012245989705128964,-0.013892615197386465,3.0701759885658426e-6,365.25619304122534,3624.4058461010313,0.023336023005856944,-0.007947748534540729,1.8973775688212505e-6,1079.0028015621804,640.2704708151612,0.20070537727666646,-0.05483033793591202,0.0008121643922948704,4262.461437840393,578.0832442991074,0.01921624915494081,-0.04115666750212638,-176.11799989708499
2.1676243781424137e-6,224.70076852483643,3503.7656424527536,0.011797054475077796,-0.014256603130457842,3.064339419836573e-6,365.2560883927654,3624.407222119829,0.0229718339242007,-0.008221454745791078,2.6828942393455544e-6,1081.7761197385591,620.6171918499095,0.19338240369386522,-0.0459847606479392,0.0008150496333168818,4259.9817216604015,586.3794418107985,0.019306487984414034,-0.04075276977156579,-176.1986397636152
2.1615397756919496e-6,224.70076857678492,3503.7656412355673,0.011055186164823799,-0.014688848465855405,3.054970625932619e-6,365.2559210325049,3624.409378749663,0.022376536030736142,-0.008537396361743603,4.013109170857977e-6,1084.5565660648347,600.6621340989908,0.1844175923314727,-0.03891283326754566,0.0008196907640595983,4255.400566027733,600.106439479998,0.019402428202035502,-0.04008496096472017,-176.3458001619646
2.151910165942754e-6,224.7007687069737,3503.7656381357383,0.009818095077766268,-0.015112414430296935,3.040070880419974e-6,365.2556645750271,3624.4124956571627,0.021395353362900906,-0.008825784048887269,6.319083997094691e-6,1087.3441588622063,580.4397848441552,0.17087805713828003,-0.033612907507483566,0.0008262644734814797,4246.162222811815,624.4158906239812,0.01931896951859127,-0.03904091472053932,-176.6777864084575
2.1732859934927554e-6,224.7007690831562,3503.765627105062,0.011009808881564314,-0.011137150309708486,3.0533497609067375e-6,365.2558426889024,3624.4088490943896,0.022313148180493188,-0.005611722955275609,2.8527327473270417e-6,1090.1389164989666,924.7368705771354,0.28186871080588727,0.03820129493486144,0.0007838593396737897,4223.433373533073,640.8811691041079,0.012844010398030705,-0.042316500345494036,-178.22045412078913
2.17275439777058e-6,224.70076937589488,3503.7656207066266,0.009474620700536316,-0.011030761640297936,3.063431621336758e-6,365.2566049969445,3624.389758769984,0.021088602079988403,-0.0055022460774123635,1.4288550030118349e-6,1092.94085739062,774.4798424228218,0.13052616330984806,0.16989295565485366,0.0007907878975535472,4206.4396212133415,675.9410851373204,0.012460391124102245,-0.04165703541253456,-178.67492973374985
2.177873528949744e-6,224.70076955075112,3503.765615709468,0.011536428937107069,-0.01466142905106709,3.0908486345182954e-6,365.25706003171814,3623.608867220321,0.02286808500690216,-0.008852944313749413,3.4037284658722465e-6,1095.7499999999998,717.2135866112837,0.24044067263070726,0.057462665442317755,0.0007412457614221682,4206.942229959624,696.9686915376242,0.004711994844588856,-0.039362603189144106,-178.5551369905486
